-- Table: Category

insert into Category (code, name) values ('CT_01', 'Horror');
insert into Category (code, name) values ('CT_02', 'Fantasy');
insert into Category (code, name) values ('CT_03', 'Drama');
insert into Category (code, name) values ('CT_04', 'Adventure');
insert into Category (code, name) values ('CT_05', 'Romance');
insert into Category (code, name) values ('CT_06', 'Crime');
insert into Category (code, name) values ('CT_07', 'Sci-Fi');
insert into Category (code, name) values ('CT_08', 'Anime');
insert into Category (code, name) values ('CT_09', 'Mystery');
insert into Category (code, name) values ('CT_10', 'Action');
insert into Category (code, name) values ('CT_11', 'Thriller');
insert into Category (code, name) values ('CT_12', 'Documentary');
insert into Category (code, name) values ('CT_13', 'Comedy');
insert into Category (code, name) values ('CT_14', 'Musical');
insert into Category (code, name) values ('CT_15', 'Animation');

-- Table: Movie

insert into movie (code, title, id_category, length) values ('345917615-6', '10.5', 'CT_05', 115);
insert into movie (code, title, id_category, length) values ('635720402-1', 'Old Joy', 'CT_08', 96);
insert into movie (code, title, id_category, length) values ('999899334-2', 'Best of Ernie and Bert, The', 'CT_10', 106);
insert into movie (code, title, id_category, length) values ('756420730-2', 'The Hyperboloid of Engineer Garin (Giperboloid inzhenera Garina)', 'CT_11', 104);
insert into movie (code, title, id_category, length) values ('957024065-2', 'Upperworld', 'CT_03', 119);
insert into movie (code, title, id_category, length) values ('741541633-3', 'Children of the Corn III', 'CT_09', 126);
insert into movie (code, title, id_category, length) values ('463095984-X', 'Manborg', 'CT_06', 123);
insert into movie (code, title, id_category, length) values ('364317273-7', 'August: Osage County', 'CT_01', 89);
insert into movie (code, title, id_category, length) values ('937831716-2', 'Sweet Bunch (Glykia symmoria)', 'CT_11', 94);
insert into movie (code, title, id_category, length) values ('156234742-X', 'The Cabin in the Cotton', 'CT_07', 68);
insert into movie (code, title, id_category, length) values ('707060248-0', 'Oliver Twist', 'CT_06', 105);
insert into movie (code, title, id_category, length) values ('450567610-2', 'Perfect_', 'CT_03', 113);
insert into movie (code, title, id_category, length) values ('132400394-4', 'Hell''s Hinges', 'CT_03', 101);
insert into movie (code, title, id_category, length) values ('034979874-5', 'Prime Suspect_', 'CT_06', 69);
insert into movie (code, title, id_category, length) values ('884581518-8', 'Bookies', 'CT_02', 107);
insert into movie (code, title, id_category, length) values ('109880970-X', 'Star Is Born, A', 'CT_12', 74);
insert into movie (code, title, id_category, length) values ('227704044-4', 'The Distance', 'CT_13', 113);
insert into movie (code, title, id_category, length) values ('585948708-8', 'Saving Otter 501', 'CT_12', 76);
insert into movie (code, title, id_category, length) values ('954870554-0', 'Rocket Singh: Salesman of the Year', 'CT_07', 69);
insert into movie (code, title, id_category, length) values ('390826364-6', 'Quand je serai petit', 'CT_03', 84);
insert into movie (code, title, id_category, length) values ('521803603-X', 'Free to Play', 'CT_07', 60);
insert into movie (code, title, id_category, length) values ('024701760-4', 'Chinese Box', 'CT_01', 103);
insert into movie (code, title, id_category, length) values ('333887530-4', 'Terrorizers, The (Kong bu fen zi)', 'CT_08', 61);
insert into movie (code, title, id_category, length) values ('350151028-4', 'Elevator Girl', 'CT_10', 140);
insert into movie (code, title, id_category, length) values ('304970728-3', 'Young Tom Edison', 'CT_15', 132);
insert into movie (code, title, id_category, length) values ('510742537-2', 'Promised Land (Ziemia Obiecana)', 'CT_09', 123);
insert into movie (code, title, id_category, length) values ('032791529-3', 'Fist of Legend (Jing wu ying xiong)', 'CT_07', 105);
insert into movie (code, title, id_category, length) values ('288251544-8', 'Savage Streets', 'CT_05', 109);
insert into movie (code, title, id_category, length) values ('342183927-1', 'The Pokrovsky Gates', 'CT_03', 109);
insert into movie (code, title, id_category, length) values ('346871196-4', 'So Normal (Normais, Os)', 'CT_13', 119);
insert into movie (code, title, id_category, length) values ('945273404-3', 'Kama Sutra: A Tale of Love', 'CT_02', 105);
insert into movie (code, title, id_category, length) values ('497038627-7', 'Star Trek: First Contact_', 'CT_06', 105);
insert into movie (code, title, id_category, length) values ('139142712-2', 'The Butter Battle Book', 'CT_05', 99);
insert into movie (code, title, id_category, length) values ('331451789-0', 'Scooby-Doo! Camp Scare', 'CT_08', 134);
insert into movie (code, title, id_category, length) values ('422154718-9', 'Romantic Comedy', 'CT_01', 138);
insert into movie (code, title, id_category, length) values ('877247052-6', 'Project_ Nim', 'CT_14', 122);
insert into movie (code, title, id_category, length) values ('092448680-5', 'Woman on the Beach, The', 'CT_15', 127);
insert into movie (code, title, id_category, length) values ('796322074-4', 'Simple-Minded Murder, The (Enfaldige mördaren, Den)', 'CT_02', 106);
insert into movie (code, title, id_category, length) values ('992119928-5', 'Last Emperor, The', 'CT_04', 62);
insert into movie (code, title, id_category, length) values ('193639879-6', 'Illusionist, The (L''illusionniste)', 'CT_13', 66);
insert into movie (code, title, id_category, length) values ('877338198-5', 'Lilla Jönssonligan på styva linan', 'CT_04', 98);
insert into movie (code, title, id_category, length) values ('072332601-0', 'Western Union', 'CT_13', 77);
insert into movie (code, title, id_category, length) values ('920256665-8', 'Blackout', 'CT_14', 97);
insert into movie (code, title, id_category, length) values ('601115927-3', 'Little Mermaid 2: Return to the Sea, The', 'CT_10', 103);
insert into movie (code, title, id_category, length) values ('676296179-7', 'Socialism (Film socialisme)', 'CT_10', 65);
insert into movie (code, title, id_category, length) values ('649958402-9', 'Family Business', 'CT_03', 133);
insert into movie (code, title, id_category, length) values ('974770575-3', 'Scream of Fear (a.k.a. Taste of Fear)', 'CT_15', 113);
insert into movie (code, title, id_category, length) values ('199967483-9', 'Return', 'CT_03', 116);
insert into movie (code, title, id_category, length) values ('794482497-4', 'Shade', 'CT_11', 84);
insert into movie (code, title, id_category, length) values ('089113347-X', 'Larks on a String (Skrivánci na niti)', 'CT_01', 80);
insert into movie (code, title, id_category, length) values ('619960996-4', 'Badlands', 'CT_06', 113);
insert into movie (code, title, id_category, length) values ('084132661-4', 'Steak', 'CT_02', 135);
insert into movie (code, title, id_category, length) values ('728988212-1', 'Let''s Be Cops', 'CT_02', 124);
insert into movie (code, title, id_category, length) values ('372113341-2', 'Recipes for Disaster', 'CT_10', 64);
insert into movie (code, title, id_category, length) values ('264175461-4', 'God Is Brazilian (Deus É Brasileiro)', 'CT_04', 82);
insert into movie (code, title, id_category, length) values ('780013615-9', 'One Wonderful Sunday (Subarashiki nichiyobi)', 'CT_01', 111);
insert into movie (code, title, id_category, length) values ('631458969-X', 'Swing Vote', 'CT_07', 107);
insert into movie (code, title, id_category, length) values ('355308867-2', 'Last Casino, The', 'CT_14', 144);
insert into movie (code, title, id_category, length) values ('930632817-6', 'Scooby-Doo! Curse of the Lake Monster', 'CT_12', 135);
insert into movie (code, title, id_category, length) values ('483795485-5', 'Sky''s the Limit, The', 'CT_15', 117);
insert into movie (code, title, id_category, length) values ('825841931-5', 'Kite Runner, The', 'CT_11', 149);
insert into movie (code, title, id_category, length) values ('703214806-9', 'Stone of Destiny', 'CT_09', 61);
insert into movie (code, title, id_category, length) values ('929278293-2', 'Life and Times of Judge Roy Bean, The', 'CT_07', 146);
insert into movie (code, title, id_category, length) values ('152954440-8', 'Satan''s Tango (Sátántangó)', 'CT_03', 72);
insert into movie (code, title, id_category, length) values ('424301157-5', 'The Fox and the Hound 2', 'CT_04', 138);
insert into movie (code, title, id_category, length) values ('813948544-6', 'Something Ventured', 'CT_10', 96);
insert into movie (code, title, id_category, length) values ('666845085-7', 'She Hate Me', 'CT_02', 79);
insert into movie (code, title, id_category, length) values ('754611144-7', 'Klansman, The', 'CT_11', 127);
insert into movie (code, title, id_category, length) values ('206028781-2', 'Deathmaker, The (Totmacher, Der)', 'CT_01', 74);
insert into movie (code, title, id_category, length) values ('020535678-8', 'Cuckoo in a Dark Forest (Kukacka v temném lese) ', 'CT_01', 149);
insert into movie (code, title, id_category, length) values ('914842282-7', 'Thirty Day Princess', 'CT_11', 66);
insert into movie (code, title, id_category, length) values ('596866445-2', 'I Live My Life', 'CT_02', 61);
insert into movie (code, title, id_category, length) values ('410875735-1', 'Before the Revolution (Prima della rivoluzione)', 'CT_07', 118);
insert into movie (code, title, id_category, length) values ('120993848-0', 'Dear Jesse', 'CT_12', 89);
insert into movie (code, title, id_category, length) values ('618680702-9', 'Lord of Tears', 'CT_04', 134);
insert into movie (code, title, id_category, length) values ('445332976-8', 'Johnny Cash at Folsom Prison', 'CT_14', 86);
insert into movie (code, title, id_category, length) values ('808493397-3', 'Love Happens', 'CT_06', 64);
insert into movie (code, title, id_category, length) values ('139770789-5', 'Le ultime ore di una vergine', 'CT_11', 109);
insert into movie (code, title, id_category, length) values ('035046572-X', 'Man on the Roof, The (Mannen på taket)', 'CT_02', 132);
insert into movie (code, title, id_category, length) values ('550979330-9', 'Wild Child', 'CT_15', 144);
insert into movie (code, title, id_category, length) values ('815544321-3', 'I Live My Life', 'CT_07', 82);
insert into movie (code, title, id_category, length) values ('117916681-7', 'On Borrowed Time', 'CT_01', 69);
insert into movie (code, title, id_category, length) values ('687764863-3', 'Grandpa for Christmas, A (Bert & Becca)', 'CT_04', 105);
insert into movie (code, title, id_category, length) values ('491263236-8', 'Villa Rides!', 'CT_03', 104);
insert into movie (code, title, id_category, length) values ('382436083-7', 'ReGeneration', 'CT_02', 107);
insert into movie (code, title, id_category, length) values ('911891918-9', 'Fists in the Pocket (Pugni in tasca, I)', 'CT_15', 102);
insert into movie (code, title, id_category, length) values ('794750824-0', 'Little Caesar', 'CT_03', 145);
insert into movie (code, title, id_category, length) values ('723994641-X', 'Crazy Sexy Cancer', 'CT_03', 108);
insert into movie (code, title, id_category, length) values ('153138250-9', 'Street People', 'CT_13', 104);
insert into movie (code, title, id_category, length) values ('877176588-3', 'Great Stone Face, The', 'CT_12', 142);
insert into movie (code, title, id_category, length) values ('716801207-X', 'Chelsea Walls', 'CT_04', 97);
insert into movie (code, title, id_category, length) values ('019773428-6', 'Raven, The', 'CT_12', 67);
insert into movie (code, title, id_category, length) values ('512165403-0', 'Crystal Lake Memories: The Complete History of Friday the 13th', 'CT_01', 144);
insert into movie (code, title, id_category, length) values ('311000320-1', 'Vinyl', 'CT_04', 74);
insert into movie (code, title, id_category, length) values ('127195205-X', 'Legends of Oz: Dorothy''s Return', 'CT_07', 60);
insert into movie (code, title, id_category, length) values ('954727389-2', 'The Man Who Wouldn''t Die', 'CT_15', 149);
insert into movie (code, title, id_category, length) values ('017254984-1', 'Gates of Heaven', 'CT_12', 89);
insert into movie (code, title, id_category, length) values ('427105840-8', 'The Well', 'CT_10', 115);
insert into movie (code, title, id_category, length) values ('138045528-6', 'Man Who Copied, The (Homem Que Copiava, O)', 'CT_11', 83);
insert into movie (code, title, id_category, length) values ('944987178-7', 'So Young (Zhi wo men zhong jiang shi qu de qing chun)', 'CT_15', 75);
insert into movie (code, title, id_category, length) values ('889868276-X', 'Grimm Love (Rohtenburg)', 'CT_06', 103);
insert into movie (code, title, id_category, length) values ('209540059-3', 'Warriors of Heaven and Earth (Tian di ying xiong)', 'CT_15', 95);
insert into movie (code, title, id_category, length) values ('048881690-4', 'Waiting Women (Kvinnors väntan)', 'CT_07', 137);
insert into movie (code, title, id_category, length) values ('498522679-3', 'Private Benjamin', 'CT_05', 112);
insert into movie (code, title, id_category, length) values ('891939444-X', 'Trinity: Gambling for High Stakes (Odds and Evens) (Pari e dispari)', 'CT_07', 67);
insert into movie (code, title, id_category, length) values ('726064760-4', 'Lord, Save Us from Your Followers', 'CT_05', 87);
insert into movie (code, title, id_category, length) values ('047463483-3', 'Frogs', 'CT_01', 118);
insert into movie (code, title, id_category, length) values ('866807996-4', 'Living Ghost, The', 'CT_05', 137);
insert into movie (code, title, id_category, length) values ('752293973-9', 'Time That Remains, The', 'CT_02', 104);
insert into movie (code, title, id_category, length) values ('286337670-5', 'FC Venus', 'CT_06', 60);
insert into movie (code, title, id_category, length) values ('506857511-9', 'Love Song for Bobby Long, A', 'CT_07', 68);
insert into movie (code, title, id_category, length) values ('824420910-0', 'Dawn of the Dead', 'CT_07', 145);
insert into movie (code, title, id_category, length) values ('805596461-0', 'Mortal Kombat: Annihilation', 'CT_05', 70);
insert into movie (code, title, id_category, length) values ('289138771-6', 'Grease 2', 'CT_13', 110);
insert into movie (code, title, id_category, length) values ('359147548-3', 'Chelsea Walls', 'CT_11', 129);
insert into movie (code, title, id_category, length) values ('319643103-7', 'Lord of Tears', 'CT_09', 106);
insert into movie (code, title, id_category, length) values ('902737360-4', 'I''m Gonna Explode (a.k.a. I''m Going to Explode) (Voy a explotar)', 'CT_06', 94);
insert into movie (code, title, id_category, length) values ('754514762-6', 'Ear, The (Ucho)', 'CT_05', 104);
insert into movie (code, title, id_category, length) values ('871622386-1', 'Diamond Girl', 'CT_09', 123);
insert into movie (code, title, id_category, length) values ('893816641-4', 'Grandmother', 'CT_14', 133);
insert into movie (code, title, id_category, length) values ('033062655-8', 'Shop Around the Corner, The', 'CT_11', 134);
insert into movie (code, title, id_category, length) values ('129229330-6', 'When Father Was Away on Business (Otac na sluzbenom putu)', 'CT_07', 116);
insert into movie (code, title, id_category, length) values ('380820338-2', 'Coca-Cola Kid, The', 'CT_13', 83);
insert into movie (code, title, id_category, length) values ('880125633-7', 'Love, Marilyn', 'CT_01', 63);
insert into movie (code, title, id_category, length) values ('958561846-X', 'Pinky', 'CT_09', 133);
insert into movie (code, title, id_category, length) values ('652361113-2', 'Once Upon a Time... When We Were Colored', 'CT_11', 118);
insert into movie (code, title, id_category, length) values ('404246475-0', 'Fly, The (Légy, A)', 'CT_03', 139);
insert into movie (code, title, id_category, length) values ('430805069-3', 'V/H/S', 'CT_08', 72);
insert into movie (code, title, id_category, length) values ('526531717-1', 'Fire', 'CT_01', 83);
insert into movie (code, title, id_category, length) values ('108391141-4', 'Winged Creatures (Fragments)', 'CT_05', 102);
insert into movie (code, title, id_category, length) values ('564027699-1', 'Red Badge of Courage, The', 'CT_02', 66);
insert into movie (code, title, id_category, length) values ('081895405-1', 'Callan', 'CT_07', 112);
insert into movie (code, title, id_category, length) values ('907907205-2', 'Nativity 2: Danger in the Manger!', 'CT_08', 71);
insert into movie (code, title, id_category, length) values ('466794896-5', 'Mr. Moto Takes a Chance', 'CT_03', 140);
insert into movie (code, title, id_category, length) values ('170139424-3', 'License to Wed', 'CT_08', 104);
insert into movie (code, title, id_category, length) values ('848558680-8', 'Beauty Shop', 'CT_15', 139);
insert into movie (code, title, id_category, length) values ('473088844-8', 'Death Wish 4: The Crackdown', 'CT_02', 150);
insert into movie (code, title, id_category, length) values ('882349014-6', 'Westworld', 'CT_11', 107);
insert into movie (code, title, id_category, length) values ('290132969-1', 'Make the Yuletide Gay', 'CT_10', 80);
insert into movie (code, title, id_category, length) values ('834909251-3', 'Paranoid Park', 'CT_14', 132);
insert into movie (code, title, id_category, length) values ('892650929-X', 'Cutie and the Boxer', 'CT_15', 102);
insert into movie (code, title, id_category, length) values ('095099207-0', 'Kambakkht Ishq (Incredible Love)', 'CT_09', 117);
insert into movie (code, title, id_category, length) values ('421337713-X', 'Unknown Known, The', 'CT_05', 61);
insert into movie (code, title, id_category, length) values ('763341678-5', 'Human Nature', 'CT_06', 92);
insert into movie (code, title, id_category, length) values ('293930779-2', 'Crave', 'CT_03', 98);
insert into movie (code, title, id_category, length) values ('021699522-1', 'Simon', 'CT_02', 97);
insert into movie (code, title, id_category, length) values ('304435751-9', 'Nazareno Cruz and the Wolf', 'CT_02', 78);
insert into movie (code, title, id_category, length) values ('611572850-9', 'Shadows (Cienie)', 'CT_14', 149);
insert into movie (code, title, id_category, length) values ('228457926-4', '36 Crazy Fists (San shi liu mi xing quan)', 'CT_12', 80);
insert into movie (code, title, id_category, length) values ('487644443-9', 'Amityville: Dollhouse', 'CT_08', 124);
insert into movie (code, title, id_category, length) values ('220029535-9', '10 Items or Less', 'CT_07', 65);
insert into movie (code, title, id_category, length) values ('665289398-3', 'Dead End Drive-In', 'CT_02', 119);
insert into movie (code, title, id_category, length) values ('779177313-9', 'First Shot', 'CT_01', 94);
insert into movie (code, title, id_category, length) values ('169140758-5', 'Born Rich', 'CT_12', 120);
insert into movie (code, title, id_category, length) values ('254140103-5', 'Moscow Laughs', 'CT_06', 115);
insert into movie (code, title, id_category, length) values ('885841037-8', 'Midsummer Night''s Party, A (Midsummer of Love, A) (Sommaren med Göran)', 'CT_04', 132);
insert into movie (code, title, id_category, length) values ('790352046-6', 'Skin Too Few: The Days of Nick Drake, A', 'CT_13', 122);
insert into movie (code, title, id_category, length) values ('892169583-4', 'Three Worlds (Trois mondes)', 'CT_11', 65);
insert into movie (code, title, id_category, length) values ('067487541-9', 'Somewhere', 'CT_15', 117);
insert into movie (code, title, id_category, length) values ('039626177-9', 'I Am Curious (Blue) (Jag är nyfiken - en film i blått)', 'CT_14', 123);
insert into movie (code, title, id_category, length) values ('270029839-X', 'Ms. 45 (a.k.a. Angel of Vengeance)', 'CT_01', 60);
insert into movie (code, title, id_category, length) values ('376739154-6', 'Kokowääh', 'CT_11', 143);
insert into movie (code, title, id_category, length) values ('199988638-0', 'Scary Movie', 'CT_04', 82);
insert into movie (code, title, id_category, length) values ('971672728-3', 'American Werewolf in Paris, An', 'CT_05', 132);
insert into movie (code, title, id_category, length) values ('090101744-2', 'Blackout, The', 'CT_08', 65);
insert into movie (code, title, id_category, length) values ('678408483-7', 'Americano', 'CT_08', 106);
insert into movie (code, title, id_category, length) values ('685733082-4', 'Tarda estate', 'CT_04', 115);
insert into movie (code, title, id_category, length) values ('535020276-6', 'Last Tycoon, The', 'CT_05', 70);
insert into movie (code, title, id_category, length) values ('287324428-3', 'Why Do Fools Fall In Love?', 'CT_10', 141);
insert into movie (code, title, id_category, length) values ('947149057-X', 'Flamingo Kid, The', 'CT_08', 135);
insert into movie (code, title, id_category, length) values ('632434480-0', 'Evil That Men Do, The', 'CT_15', 73);
insert into movie (code, title, id_category, length) values ('794081133-9', 'Smokey and the Bandit III', 'CT_12', 136);
insert into movie (code, title, id_category, length) values ('988841138-1', 'Advise and Consent', 'CT_12', 96);
insert into movie (code, title, id_category, length) values ('369765278-8', 'Papadopoulos & Sons', 'CT_03', 123);
insert into movie (code, title, id_category, length) values ('781979602-2', 'Magic Sword, The', 'CT_11', 129);
insert into movie (code, title, id_category, length) values ('686446786-4', 'Cohen and Tate', 'CT_02', 134);
insert into movie (code, title, id_category, length) values ('183211999-8', 'Wrestling (Bræðrabylta)', 'CT_06', 92);
insert into movie (code, title, id_category, length) values ('729037991-8', 'Auggie Rose (a.k.a. Beyond Suspicion)', 'CT_09', 78);
insert into movie (code, title, id_category, length) values ('543197095-X', 'Ramen Girl, The', 'CT_06', 76);
insert into movie (code, title, id_category, length) values ('675420977-1', 'Devil''s Playground, The', 'CT_03', 83);
insert into movie (code, title, id_category, length) values ('568169650-2', 'Zookeeper', 'CT_05', 115);
insert into movie (code, title, id_category, length) values ('174994346-8', 'Room in Rome (Habitación en Roma)', 'CT_14', 120);
insert into movie (code, title, id_category, length) values ('417477566-4', 'Back in the Day', 'CT_08', 77);
insert into movie (code, title, id_category, length) values ('312312729-X', 'Suspect_, The (Yong-eui-ja)', 'CT_06', 106);
insert into movie (code, title, id_category, length) values ('993187846-0', 'Solas', 'CT_01', 135);
insert into movie (code, title, id_category, length) values ('734723837-4', 'Aces and Eights', 'CT_04', 122);
insert into movie (code, title, id_category, length) values ('960921810-5', 'West of Memphis', 'CT_13', 133);
insert into movie (code, title, id_category, length) values ('793011748-0', 'They All Lie', 'CT_07', 102);
insert into movie (code, title, id_category, length) values ('591775100-5', 'One Husband Too Many', 'CT_09', 70);
insert into movie (code, title, id_category, length) values ('260371485-6', 'Trench Road (Juoksuhaudantie)', 'CT_15', 96);
insert into movie (code, title, id_category, length) values ('726781774-2', 'Flight of the Living Dead', 'CT_08', 74);
insert into movie (code, title, id_category, length) values ('340465349-1', 'Saw', 'CT_15', 126);
insert into movie (code, title, id_category, length) values ('833300176-9', 'Swan, The', 'CT_06', 122);
insert into movie (code, title, id_category, length) values ('813415359-3', 'Duets', 'CT_03', 118);
insert into movie (code, title, id_category, length) values ('745804614-7', 'Cutthroat Island', 'CT_09', 74);
insert into movie (code, title, id_category, length) values ('201481783-9', 'Setup (Set Up)', 'CT_14', 107);
insert into movie (code, title, id_category, length) values ('505199495-4', 'Blink', 'CT_14', 121);
insert into movie (code, title, id_category, length) values ('806958078-X', 'Double Trouble', 'CT_05', 94);
insert into movie (code, title, id_category, length) values ('319942497-X', 'End, The', 'CT_01', 94);
insert into movie (code, title, id_category, length) values ('836559837-X', 'Starman', 'CT_05', 139);
insert into movie (code, title, id_category, length) values ('855347442-9', 'The Sweet Ride', 'CT_11', 124);
insert into movie (code, title, id_category, length) values ('351154441-6', 'Hue and Cry', 'CT_08', 131);
insert into movie (code, title, id_category, length) values ('228887925-4', 'Heart of Me, The', 'CT_09', 79);
insert into movie (code, title, id_category, length) values ('429071115-4', 'Empire of Dreams: The Story of the ''Star Wars'' Trilogy', 'CT_14', 87);
insert into movie (code, title, id_category, length) values ('116615839-X', 'Random Hearts', 'CT_07', 62);
insert into movie (code, title, id_category, length) values ('980191948-5', 'Cheap Detect_ive, The', 'CT_07', 77);
insert into movie (code, title, id_category, length) values ('343005547-4', 'Tiptoes', 'CT_12', 102);
insert into movie (code, title, id_category, length) values ('562935339-X', 'Unspeakable Act_s ', 'CT_08', 86);
insert into movie (code, title, id_category, length) values ('546604502-0', 'Palms (Ladoni)', 'CT_09', 67);
insert into movie (code, title, id_category, length) values ('796712504-5', 'Abbott and Costello in the Foreign Legion', 'CT_10', 135);
insert into movie (code, title, id_category, length) values ('350843508-3', 'Paradise, Hawaiian Style', 'CT_07', 117);
insert into movie (code, title, id_category, length) values ('910885978-7', 'Nim''s Island', 'CT_06', 77);
insert into movie (code, title, id_category, length) values ('167000562-3', 'King Arthur', 'CT_15', 147);
insert into movie (code, title, id_category, length) values ('450226390-7', 'Alice in Wonderland', 'CT_14', 76);
insert into movie (code, title, id_category, length) values ('385972318-9', 'Trials of Darryl Hunt, The', 'CT_07', 67);
insert into movie (code, title, id_category, length) values ('046235296-X', 'Eddie Izzard: Dress to Kill', 'CT_04', 127);
insert into movie (code, title, id_category, length) values ('305151505-1', 'North Avenue Irregulars, The', 'CT_14', 81);
insert into movie (code, title, id_category, length) values ('925101292-X', 'Scandal (Shubun)', 'CT_14', 85);
insert into movie (code, title, id_category, length) values ('085393270-0', 'Human Lanterns (Ren pi deng long)', 'CT_14', 126);
insert into movie (code, title, id_category, length) values ('710634944-5', 'Slugger''s Wife, The', 'CT_04', 105);
insert into movie (code, title, id_category, length) values ('044599693-5', 'Tuxedo, The', 'CT_14', 110);
insert into movie (code, title, id_category, length) values ('098582389-5', 'Beyond Therapy', 'CT_12', 82);
insert into movie (code, title, id_category, length) values ('894871589-5', 'Killer Crocodile', 'CT_09', 92);
insert into movie (code, title, id_category, length) values ('010818564-8', 'Barabbas', 'CT_13', 135);
insert into movie (code, title, id_category, length) values ('605657822-4', 'Private Lives of Pippa Lee, The', 'CT_08', 96);
insert into movie (code, title, id_category, length) values ('686918664-2', 'Man Who Knew Too Much, The', 'CT_11', 69);
insert into movie (code, title, id_category, length) values ('659470812-0', 'Confessions of an Opium Eater', 'CT_12', 131);
insert into movie (code, title, id_category, length) values ('816647578-2', 'Drama/Mex', 'CT_07', 111);
insert into movie (code, title, id_category, length) values ('001170767-4', 'Four Shades of Brown (Fyra nyanser av brunt)', 'CT_03', 73);
insert into movie (code, title, id_category, length) values ('557405867-7', 'Kid Cannabis', 'CT_15', 91);
insert into movie (code, title, id_category, length) values ('133050605-7', 'Chocolat', 'CT_05', 88);
insert into movie (code, title, id_category, length) values ('767150457-2', 'Zardoz', 'CT_08', 144);
insert into movie (code, title, id_category, length) values ('348013644-3', 'Hidden Face, The (La cara oculta)', 'CT_11', 140);
insert into movie (code, title, id_category, length) values ('504224395-X', 'Soloalbum', 'CT_09', 70);
insert into movie (code, title, id_category, length) values ('709046454-7', 'Thin Blue Line, The', 'CT_15', 94);
insert into movie (code, title, id_category, length) values ('875617869-7', 'Southland Tales', 'CT_09', 110);
insert into movie (code, title, id_category, length) values ('093615006-8', 'Teorema', 'CT_11', 65);
insert into movie (code, title, id_category, length) values ('988058405-8', 'Washington Square', 'CT_09', 90);
insert into movie (code, title, id_category, length) values ('501974566-9', 'Romeo Is Bleeding', 'CT_05', 94);
insert into movie (code, title, id_category, length) values ('485879629-9', 'Mr. Accident', 'CT_11', 132);
insert into movie (code, title, id_category, length) values ('889230192-6', 'Dealing: Or the Berkeley-to-Boston Forty-Brick Lost-Bag Blues', 'CT_11', 126);
insert into movie (code, title, id_category, length) values ('718130202-7', 'Greystone Park', 'CT_10', 133);
insert into movie (code, title, id_category, length) values ('155262605-9', 'It Came from Beneath the Sea', 'CT_14', 78);
insert into movie (code, title, id_category, length) values ('375093691-9', 'Run, Simon, Run', 'CT_15', 84);
insert into movie (code, title, id_category, length) values ('803702033-9', 'Stir of Echoes', 'CT_08', 105);
insert into movie (code, title, id_category, length) values ('617851695-9', 'Let''s Kill Ward''s Wife', 'CT_06', 111);
insert into movie (code, title, id_category, length) values ('789775261-5', 'A Summer in La Goulette', 'CT_03', 60);
insert into movie (code, title, id_category, length) values ('738503451-9', 'Blood and Sand', 'CT_07', 81);
insert into movie (code, title, id_category, length) values ('003813627-9', 'Wittgenstein', 'CT_02', 105);
insert into movie (code, title, id_category, length) values ('510932722-X', 'Captains Courageous', 'CT_05', 121);
insert into movie (code, title, id_category, length) values ('805607855-X', 'Visit, The', 'CT_12', 131);
insert into movie (code, title, id_category, length) values ('630489628-X', 'Absolon', 'CT_15', 138);
insert into movie (code, title, id_category, length) values ('288385563-3', 'Suburbia', 'CT_14', 95);
insert into movie (code, title, id_category, length) values ('243713475-1', 'Same Old Song (On connaît la chanson)', 'CT_14', 74);
insert into movie (code, title, id_category, length) values ('008364958-1', 'What Lies Beneath', 'CT_12', 60);
insert into movie (code, title, id_category, length) values ('860671111-X', 'Mansion of Madness, The', 'CT_01', 77);
insert into movie (code, title, id_category, length) values ('037567321-0', 'Time of Favor (Ha-Hesder)', 'CT_14', 110);
insert into movie (code, title, id_category, length) values ('660781845-5', 'We Need a Vacation (Fais-moi des vacances)', 'CT_08', 78);
insert into movie (code, title, id_category, length) values ('750156933-9', 'Queen Christina', 'CT_01', 73);
insert into movie (code, title, id_category, length) values ('253283063-8', 'Hustle & Flow', 'CT_08', 84);
insert into movie (code, title, id_category, length) values ('058407428-X', 'Walk Like a Man', 'CT_03', 96);
insert into movie (code, title, id_category, length) values ('830376781-X', 'IMAX: Coral Reef Adventure', 'CT_02', 97);
insert into movie (code, title, id_category, length) values ('991880445-9', 'Whispering Corridors (Yeogo Goedam)', 'CT_12', 126);
insert into movie (code, title, id_category, length) values ('795675279-5', 'Made for Each Other', 'CT_12', 111);
insert into movie (code, title, id_category, length) values ('610367732-7', 'Oranges, The', 'CT_14', 60);
insert into movie (code, title, id_category, length) values ('508990296-8', 'National Lampoon''s Van Wilder: The Rise of Taj', 'CT_14', 119);
insert into movie (code, title, id_category, length) values ('678489078-7', 'My Beautiful Dacia (Dacia, dragostea mea)', 'CT_05', 138);
insert into movie (code, title, id_category, length) values ('280901408-6', 'Goldene Zeiten', 'CT_14', 135);
insert into movie (code, title, id_category, length) values ('322115615-4', 'Night Listener, The', 'CT_11', 76);
insert into movie (code, title, id_category, length) values ('859134085-X', 'From Above', 'CT_01', 103);
insert into movie (code, title, id_category, length) values ('479656556-6', 'Muertos, Los', 'CT_10', 128);
insert into movie (code, title, id_category, length) values ('478668435-X', 'One Percent, The', 'CT_08', 145);
insert into movie (code, title, id_category, length) values ('405980268-9', 'Making Plans for Lena (Non ma fille, tu n''iras pas danser)', 'CT_10', 138);
insert into movie (code, title, id_category, length) values ('356107423-5', 'And Life Goes On (a.k.a. Life and Nothing More) (Zendegi va digar hich)', 'CT_14', 84);
insert into movie (code, title, id_category, length) values ('623985790-4', 'Fires Were Started', 'CT_10', 113);
insert into movie (code, title, id_category, length) values ('299967402-3', 'Monster, The (Mostro, Il)', 'CT_13', 96);
insert into movie (code, title, id_category, length) values ('417745478-8', 'Dream With the Fishes', 'CT_14', 143);
insert into movie (code, title, id_category, length) values ('662710799-6', 'Model', 'CT_01', 63);
insert into movie (code, title, id_category, length) values ('775173557-0', 'Spooner', 'CT_08', 107);
insert into movie (code, title, id_category, length) values ('395361784-2', 'Fragile', 'CT_10', 89);
insert into movie (code, title, id_category, length) values ('192686755-6', 'Coup de torchon (Clean Slate)', 'CT_10', 124);
insert into movie (code, title, id_category, length) values ('536708907-0', 'Hound of the Baskervilles, The', 'CT_10', 112);
insert into movie (code, title, id_category, length) values ('469007517-4', '10', 'CT_05', 141);
insert into movie (code, title, id_category, length) values ('887552019-4', 'Hunchback of Notre Dame, The (Notre Dame de Paris)', 'CT_07', 93);
insert into movie (code, title, id_category, length) values ('740667879-7', 'President''s Last Bang, The (Geuddae geusaramdeul)', 'CT_02', 104);
insert into movie (code, title, id_category, length) values ('636939311-8', 'Too Many Cooks', 'CT_02', 60);
insert into movie (code, title, id_category, length) values ('499045141-4', 'FBI Story, The', 'CT_08', 103);
insert into movie (code, title, id_category, length) values ('293837190-X', 'Supercop (Police Story 3: Supercop) (Jing cha gu shi III: Chao ji jing cha)', 'CT_04', 95);
insert into movie (code, title, id_category, length) values ('432269269-9', 'Killing Us Softly 3', 'CT_12', 95);
insert into movie (code, title, id_category, length) values ('283927101-X', 'Face', 'CT_09', 61);
insert into movie (code, title, id_category, length) values ('665265100-9', 'But Forever in My Mind', 'CT_15', 108);
insert into movie (code, title, id_category, length) values ('376634337-8', 'My Brilliant Career', 'CT_04', 89);
insert into movie (code, title, id_category, length) values ('720576490-4', 'Scarlet and the Black, The', 'CT_15', 146);
insert into movie (code, title, id_category, length) values ('097787335-8', 'Good Woman, A', 'CT_07', 114);
insert into movie (code, title, id_category, length) values ('931699231-1', 'Scooby-Doo! and the Witch''s Ghost', 'CT_02', 89);
insert into movie (code, title, id_category, length) values ('888110720-1', 'Monster, The (Mostro, Il)', 'CT_15', 75);
insert into movie (code, title, id_category, length) values ('809134506-2', 'Last Exit to Brooklyn', 'CT_06', 105);
insert into movie (code, title, id_category, length) values ('671776868-1', 'Day After Tomorrow, The', 'CT_06', 89);
insert into movie (code, title, id_category, length) values ('946017814-6', 'Heaven''s Prisoners', 'CT_02', 92);
insert into movie (code, title, id_category, length) values ('008709261-1', 'Guncrazy', 'CT_13', 66);
insert into movie (code, title, id_category, length) values ('698959268-0', 'Parker', 'CT_14', 68);
insert into movie (code, title, id_category, length) values ('514427090-5', 'Arachnoquake', 'CT_12', 61);
insert into movie (code, title, id_category, length) values ('811534675-6', 'George Lopez: America''s Mexican', 'CT_07', 94);
insert into movie (code, title, id_category, length) values ('097015445-3', 'Wendell Baker Story, The', 'CT_08', 115);
insert into movie (code, title, id_category, length) values ('103945935-8', 'Criminal Law', 'CT_10', 78);
insert into movie (code, title, id_category, length) values ('373843531-X', 'Me and the Colonel ', 'CT_02', 120);
insert into movie (code, title, id_category, length) values ('305788043-6', 'The Last of the Finest', 'CT_14', 119);
insert into movie (code, title, id_category, length) values ('683860261-X', 'I Was a Male War Bride', 'CT_09', 83);
insert into movie (code, title, id_category, length) values ('823453525-0', 'Los Flamencos', 'CT_06', 96);
insert into movie (code, title, id_category, length) values ('756138060-7', 'Separation, A (Jodaeiye Nader az Simin)', 'CT_12', 123);
insert into movie (code, title, id_category, length) values ('767285056-3', 'Corbeau, Le (Raven, The)', 'CT_10', 73);
insert into movie (code, title, id_category, length) values ('936415685-4', 'Olsen Gang, The (Olsen-Banden)', 'CT_05', 121);
insert into movie (code, title, id_category, length) values ('622555725-3', 'Cabin in the Sky', 'CT_14', 109);
insert into movie (code, title, id_category, length) values ('303929371-0', 'Possessed', 'CT_13', 119);
insert into movie (code, title, id_category, length) values ('880510484-1', 'I Hope They Serve Beer in Hell', 'CT_01', 118);
insert into movie (code, title, id_category, length) values ('465799965-6', 'The Brides of Fu Manchu', 'CT_05', 72);
insert into movie (code, title, id_category, length) values ('344432977-6', 'Man Trouble', 'CT_09', 84);
insert into movie (code, title, id_category, length) values ('352378793-9', 'Circus', 'CT_01', 103);
insert into movie (code, title, id_category, length) values ('247987981-X', 'Transporter 2', 'CT_03', 77);
insert into movie (code, title, id_category, length) values ('360509505-4', 'Attack of the 5 Ft. 2 Women (National Lampoon''s Attack of the 5 Ft 2 Woman)', 'CT_05', 112);
insert into movie (code, title, id_category, length) values ('400478196-5', 'Wrestling (Bræðrabylta)', 'CT_12', 105);
insert into movie (code, title, id_category, length) values ('175321987-6', 'Friends with Kids', 'CT_15', 129);
insert into movie (code, title, id_category, length) values ('337615457-0', 'Baarìa', 'CT_08', 127);
insert into movie (code, title, id_category, length) values ('315623583-0', 'Caged', 'CT_11', 121);
insert into movie (code, title, id_category, length) values ('321573352-8', 'Prince Avalanche', 'CT_14', 83);
insert into movie (code, title, id_category, length) values ('143218635-3', 'Father''s Little Dividend', 'CT_13', 117);
insert into movie (code, title, id_category, length) values ('009445706-9', 'Hail Columbia!', 'CT_12', 83);
insert into movie (code, title, id_category, length) values ('431643794-1', 'Adventurer, The', 'CT_15', 117);
insert into movie (code, title, id_category, length) values ('838238034-4', '22 Jump Street', 'CT_07', 78);
insert into movie (code, title, id_category, length) values ('148954275-2', 'Zatoichi''s Pilgrimage (Zatôichi umi o wataru) (Zatôichi 14)', 'CT_14', 66);
insert into movie (code, title, id_category, length) values ('663274165-7', 'Street People', 'CT_02', 101);
insert into movie (code, title, id_category, length) values ('188333364-4', 'It Happened at the World''s Fair', 'CT_08', 116);
insert into movie (code, title, id_category, length) values ('573115625-5', 'Asterix in Britain (Astérix chez les Bretons)', 'CT_14', 61);
insert into movie (code, title, id_category, length) values ('386920690-X', 'Foul King, The (Banchikwang)', 'CT_13', 116);
insert into movie (code, title, id_category, length) values ('301461370-3', 'Aladdin and the King of Thieves', 'CT_07', 70);
insert into movie (code, title, id_category, length) values ('570821380-9', 'Went the Day Well?', 'CT_09', 77);
insert into movie (code, title, id_category, length) values ('077714954-0', 'I Know That Voice', 'CT_11', 117);
insert into movie (code, title, id_category, length) values ('171540770-9', 'Colonel Chabert, Le', 'CT_09', 77);
insert into movie (code, title, id_category, length) values ('070179195-0', 'Blues in the Night', 'CT_15', 100);
insert into movie (code, title, id_category, length) values ('176843680-0', 'NATO''s Secret Armies (Gladio: L''esercito segreto della Nato)', 'CT_02', 82);
insert into movie (code, title, id_category, length) values ('605857228-2', 'Dracula: Dead and Loving It', 'CT_04', 98);
insert into movie (code, title, id_category, length) values ('459272476-3', 'I Am You (In Her Skin)', 'CT_10', 123);
insert into movie (code, title, id_category, length) values ('788571783-6', 'Round Up, The (La Rafle)', 'CT_02', 87);
insert into movie (code, title, id_category, length) values ('656690573-1', 'Scenes from the Class Struggle in Beverly Hills', 'CT_15', 84);
insert into movie (code, title, id_category, length) values ('396779290-0', 'Cinema Verite', 'CT_06', 63);
insert into movie (code, title, id_category, length) values ('353306338-0', 'King Kong vs. Godzilla (Kingukongu tai Gojira)', 'CT_08', 132);
insert into movie (code, title, id_category, length) values ('139212596-0', 'Dakota Skye', 'CT_02', 128);
insert into movie (code, title, id_category, length) values ('078344120-7', 'Man Apart, A', 'CT_05', 89);
insert into movie (code, title, id_category, length) values ('783469003-5', 'Odessa File, The', 'CT_05', 73);
insert into movie (code, title, id_category, length) values ('743535831-2', 'Possible Worlds', 'CT_13', 133);
insert into movie (code, title, id_category, length) values ('110135043-1', 'South of Heaven, West of Hell', 'CT_13', 128);
insert into movie (code, title, id_category, length) values ('066750339-0', 'Lovers of the Arct_ic Circle, The (Los Amantes del Círculo Polar)', 'CT_07', 76);
insert into movie (code, title, id_category, length) values ('542048573-7', 'No Way to Treat a Lady', 'CT_10', 83);
insert into movie (code, title, id_category, length) values ('262521788-X', 'Golden Boy', 'CT_11', 126);
insert into movie (code, title, id_category, length) values ('720133586-3', 'Halloween II', 'CT_14', 109);
insert into movie (code, title, id_category, length) values ('207522748-9', 'At the Circus', 'CT_05', 94);
insert into movie (code, title, id_category, length) values ('397059530-4', 'Orchestra Wives', 'CT_06', 103);
insert into movie (code, title, id_category, length) values ('323023223-2', 'Date with Judy, A', 'CT_10', 66);
insert into movie (code, title, id_category, length) values ('289672720-5', 'Four Heads Are Better Than One (Un homme de tête)', 'CT_12', 109);
insert into movie (code, title, id_category, length) values ('861012719-2', 'Tonight You''re Mine', 'CT_13', 148);

-- Table: Schedule

insert into schedule (capacity, price, timestamp, id_movie) values (64, 10.97, '2022-03-10 20:13:05', '288385563-3');
insert into schedule (capacity, price, timestamp, id_movie) values (58, 10.88, '2021-05-11 02:34:32', '914842282-7');
insert into schedule (capacity, price, timestamp, id_movie) values (69, 11.43, '2022-04-13 10:44:38', '775173557-0');
insert into schedule (capacity, price, timestamp, id_movie) values (35, 10.94, '2022-02-28 23:43:17', '622555725-3');
insert into schedule (capacity, price, timestamp, id_movie) values (71, 5.22, '2021-05-10 07:35:09', '790352046-6');
insert into schedule (capacity, price, timestamp, id_movie) values (41, 6.17, '2022-05-08 05:55:25', '463095984-X');
insert into schedule (capacity, price, timestamp, id_movie) values (72, 13.72, '2021-10-05 18:24:32', '304970728-3');
insert into schedule (capacity, price, timestamp, id_movie) values (73, 12.3, '2021-07-12 09:51:07', '262521788-X');
insert into schedule (capacity, price, timestamp, id_movie) values (54, 13.23, '2022-05-24 14:01:59', '836559837-X');
insert into schedule (capacity, price, timestamp, id_movie) values (54, 6.45, '2022-02-26 11:21:22', '001170767-4');
insert into schedule (capacity, price, timestamp, id_movie) values (68, 10.91, '2021-08-21 12:09:53', '084132661-4');
insert into schedule (capacity, price, timestamp, id_movie) values (46, 12.85, '2022-03-22 08:26:53', '417745478-8');
insert into schedule (capacity, price, timestamp, id_movie) values (75, 11.85, '2022-01-26 22:20:54', '781979602-2');
insert into schedule (capacity, price, timestamp, id_movie) values (74, 12.87, '2021-08-17 07:57:28', '788571783-6');
insert into schedule (capacity, price, timestamp, id_movie) values (53, 7.25, '2021-11-28 22:52:41', '678408483-7');
insert into schedule (capacity, price, timestamp, id_movie) values (47, 7.67, '2021-06-12 17:56:30', '813948544-6');
insert into schedule (capacity, price, timestamp, id_movie) values (57, 10.18, '2021-08-05 22:42:53', '095099207-0');
insert into schedule (capacity, price, timestamp, id_movie) values (41, 13.55, '2021-08-18 21:42:03', '020535678-8');
insert into schedule (capacity, price, timestamp, id_movie) values (34, 8.49, '2022-05-09 01:52:19', '089113347-X');
insert into schedule (capacity, price, timestamp, id_movie) values (31, 11.95, '2022-04-13 15:17:35', '720576490-4');
insert into schedule (capacity, price, timestamp, id_movie) values (31, 5.57, '2021-05-05 08:12:02', '510742537-2');
insert into schedule (capacity, price, timestamp, id_movie) values (25, 8.99, '2022-05-21 11:11:36', '116615839-X');
insert into schedule (capacity, price, timestamp, id_movie) values (68, 10.3, '2021-10-06 20:34:27', '726064760-4');
insert into schedule (capacity, price, timestamp, id_movie) values (75, 5.62, '2022-02-09 11:33:05', '386920690-X');
insert into schedule (capacity, price, timestamp, id_movie) values (34, 8.25, '2021-07-26 18:44:16', '429071115-4');
insert into schedule (capacity, price, timestamp, id_movie) values (66, 9.37, '2022-06-17 09:58:27', '340465349-1');
insert into schedule (capacity, price, timestamp, id_movie) values (74, 10.81, '2022-03-05 00:51:53', '993187846-0');
insert into schedule (capacity, price, timestamp, id_movie) values (75, 10.75, '2021-09-24 14:07:21', '209540059-3');
insert into schedule (capacity, price, timestamp, id_movie) values (53, 12.09, '2021-10-19 11:06:11', '945273404-3');
insert into schedule (capacity, price, timestamp, id_movie) values (45, 7.5, '2021-06-04 14:33:19', '348013644-3');
insert into schedule (capacity, price, timestamp, id_movie) values (56, 14.39, '2021-11-10 20:53:35', '871622386-1');
insert into schedule (capacity, price, timestamp, id_movie) values (47, 10.83, '2022-02-24 14:59:01', '910885978-7');
insert into schedule (capacity, price, timestamp, id_movie) values (48, 8.57, '2021-07-31 05:30:38', '780013615-9');
insert into schedule (capacity, price, timestamp, id_movie) values (26, 10.03, '2022-05-04 22:30:24', '698959268-0');
insert into schedule (capacity, price, timestamp, id_movie) values (57, 10.7, '2021-07-18 08:01:31', '738503451-9');
insert into schedule (capacity, price, timestamp, id_movie) values (36, 9.36, '2021-11-29 19:02:19', '097787335-8');
insert into schedule (capacity, price, timestamp, id_movie) values (40, 8.33, '2021-11-11 18:11:09', '893816641-4');
insert into schedule (capacity, price, timestamp, id_movie) values (56, 5.16, '2021-05-27 11:10:15', '971672728-3');
insert into schedule (capacity, price, timestamp, id_movie) values (64, 11.43, '2022-05-19 05:01:25', '678408483-7');
insert into schedule (capacity, price, timestamp, id_movie) values (66, 13.17, '2022-03-12 04:45:57', '093615006-8');
insert into schedule (capacity, price, timestamp, id_movie) values (69, 13.73, '2022-04-11 10:19:36', '430805069-3');
insert into schedule (capacity, price, timestamp, id_movie) values (66, 6.56, '2022-02-21 22:16:14', '794081133-9');
insert into schedule (capacity, price, timestamp, id_movie) values (44, 7.21, '2022-06-03 17:54:37', '925101292-X');
insert into schedule (capacity, price, timestamp, id_movie) values (38, 5.61, '2021-07-13 04:20:17', '021699522-1');
insert into schedule (capacity, price, timestamp, id_movie) values (42, 14.95, '2021-06-29 05:38:22', '201481783-9');
insert into schedule (capacity, price, timestamp, id_movie) values (57, 12.59, '2021-08-09 12:31:52', '877247052-6');
insert into schedule (capacity, price, timestamp, id_movie) values (65, 6.3, '2022-01-02 11:28:50', '262521788-X');
insert into schedule (capacity, price, timestamp, id_movie) values (37, 7.2, '2021-08-15 02:35:04', '220029535-9');
insert into schedule (capacity, price, timestamp, id_movie) values (46, 8.48, '2021-12-24 00:47:37', '032791529-3');
insert into schedule (capacity, price, timestamp, id_movie) values (52, 13.17, '2021-11-08 01:53:40', '485879629-9');
insert into schedule (capacity, price, timestamp, id_movie) values (63, 11.35, '2022-05-24 22:10:01', '293837190-X');
insert into schedule (capacity, price, timestamp, id_movie) values (56, 6.54, '2021-06-13 15:46:58', '550979330-9');
insert into schedule (capacity, price, timestamp, id_movie) values (35, 10.56, '2021-11-17 20:04:13', '988841138-1');
insert into schedule (capacity, price, timestamp, id_movie) values (57, 5.33, '2022-01-03 12:33:38', '931699231-1');
insert into schedule (capacity, price, timestamp, id_movie) values (34, 8.67, '2022-01-12 05:21:27', '805596461-0');
insert into schedule (capacity, price, timestamp, id_movie) values (53, 9.9, '2021-05-15 16:27:27', '331451789-0');
insert into schedule (capacity, price, timestamp, id_movie) values (71, 5.5, '2022-06-03 10:00:35', '813415359-3');
insert into schedule (capacity, price, timestamp, id_movie) values (40, 11.27, '2022-04-17 23:46:17', '183211999-8');
insert into schedule (capacity, price, timestamp, id_movie) values (51, 9.64, '2022-05-12 00:04:57', '077714954-0');
insert into schedule (capacity, price, timestamp, id_movie) values (62, 8.66, '2021-09-04 05:02:20', '174994346-8');
insert into schedule (capacity, price, timestamp, id_movie) values (29, 11.95, '2021-12-01 10:42:41', '880125633-7');
insert into schedule (capacity, price, timestamp, id_movie) values (75, 7.73, '2022-01-17 20:23:58', '880125633-7');
insert into schedule (capacity, price, timestamp, id_movie) values (75, 8.79, '2021-12-20 00:00:32', '360509505-4');
insert into schedule (capacity, price, timestamp, id_movie) values (60, 6.93, '2021-09-04 03:03:47', '605657822-4');
insert into schedule (capacity, price, timestamp, id_movie) values (32, 8.85, '2021-10-04 18:39:21', '152954440-8');
insert into schedule (capacity, price, timestamp, id_movie) values (47, 6.26, '2021-08-22 02:22:16', '980191948-5');
insert into schedule (capacity, price, timestamp, id_movie) values (53, 9.66, '2022-04-09 18:07:10', '499045141-4');
insert into schedule (capacity, price, timestamp, id_movie) values (39, 13.92, '2021-11-27 05:57:57', '815544321-3');
insert into schedule (capacity, price, timestamp, id_movie) values (64, 9.05, '2022-03-06 17:06:48', '573115625-5');
insert into schedule (capacity, price, timestamp, id_movie) values (59, 9.17, '2022-03-25 00:24:53', '290132969-1');
insert into schedule (capacity, price, timestamp, id_movie) values (43, 6.78, '2021-10-13 08:09:16', '110135043-1');
insert into schedule (capacity, price, timestamp, id_movie) values (25, 12.98, '2021-11-19 02:48:57', '665265100-9');
insert into schedule (capacity, price, timestamp, id_movie) values (43, 7.02, '2021-07-04 18:55:31', '591775100-5');
insert into schedule (capacity, price, timestamp, id_movie) values (49, 11.25, '2021-07-26 19:55:16', '999899334-2');
insert into schedule (capacity, price, timestamp, id_movie) values (41, 12.08, '2022-06-16 16:10:15', '678408483-7');
insert into schedule (capacity, price, timestamp, id_movie) values (54, 9.0, '2021-07-19 13:36:52', '946017814-6');
insert into schedule (capacity, price, timestamp, id_movie) values (45, 13.76, '2021-07-10 15:41:02', '085393270-0');
insert into schedule (capacity, price, timestamp, id_movie) values (28, 10.27, '2022-04-26 19:59:33', '352378793-9');
insert into schedule (capacity, price, timestamp, id_movie) values (67, 5.34, '2021-07-19 08:34:34', '376739154-6');
insert into schedule (capacity, price, timestamp, id_movie) values (59, 9.66, '2022-06-18 02:39:22', '355308867-2');
insert into schedule (capacity, price, timestamp, id_movie) values (52, 12.87, '2022-06-05 23:06:23', '914842282-7');
insert into schedule (capacity, price, timestamp, id_movie) values (63, 13.49, '2021-06-18 16:30:14', '794482497-4');
insert into schedule (capacity, price, timestamp, id_movie) values (40, 13.9, '2021-12-13 01:20:40', '001170767-4');
insert into schedule (capacity, price, timestamp, id_movie) values (33, 13.19, '2021-11-25 02:58:26', '385972318-9');
insert into schedule (capacity, price, timestamp, id_movie) values (38, 6.94, '2022-02-09 04:25:51', '311000320-1');
insert into schedule (capacity, price, timestamp, id_movie) values (28, 10.11, '2021-11-09 23:29:13', '892169583-4');
insert into schedule (capacity, price, timestamp, id_movie) values (69, 5.68, '2022-01-29 18:19:32', '046235296-X');
insert into schedule (capacity, price, timestamp, id_movie) values (33, 9.11, '2022-05-28 02:47:19', '710634944-5');
insert into schedule (capacity, price, timestamp, id_movie) values (57, 10.95, '2021-06-08 07:42:21', '301461370-3');
insert into schedule (capacity, price, timestamp, id_movie) values (63, 8.93, '2022-02-08 00:32:14', '630489628-X');
insert into schedule (capacity, price, timestamp, id_movie) values (42, 13.46, '2022-04-29 03:59:26', '417477566-4');
insert into schedule (capacity, price, timestamp, id_movie) values (72, 8.98, '2022-05-24 18:41:55', '795675279-5');
insert into schedule (capacity, price, timestamp, id_movie) values (75, 12.8, '2021-05-04 03:01:32', '139770789-5');
insert into schedule (capacity, price, timestamp, id_movie) values (55, 6.39, '2022-01-05 15:57:20', '485879629-9');
insert into schedule (capacity, price, timestamp, id_movie) values (30, 11.23, '2022-01-08 07:38:20', '352378793-9');
insert into schedule (capacity, price, timestamp, id_movie) values (55, 12.21, '2022-01-21 17:49:50', '174994346-8');
insert into schedule (capacity, price, timestamp, id_movie) values (50, 9.4, '2022-06-24 02:26:56', '605857228-2');
insert into schedule (capacity, price, timestamp, id_movie) values (57, 11.38, '2022-05-24 08:21:49', '573115625-5');
insert into schedule (capacity, price, timestamp, id_movie) values (47, 12.98, '2022-01-21 08:35:55', '925101292-X');
insert into schedule (capacity, price, timestamp, id_movie) values (64, 10.91, '2021-09-19 23:16:46', '463095984-X');
insert into schedule (capacity, price, timestamp, id_movie) values (69, 5.49, '2022-03-27 15:48:21', '813948544-6');
insert into schedule (capacity, price, timestamp, id_movie) values (48, 8.3, '2022-06-25 06:09:35', '445332976-8');
insert into schedule (capacity, price, timestamp, id_movie) values (30, 14.16, '2022-04-21 06:10:05', '445332976-8');
insert into schedule (capacity, price, timestamp, id_movie) values (36, 8.85, '2022-05-31 17:45:43', '348013644-3');
insert into schedule (capacity, price, timestamp, id_movie) values (34, 8.05, '2021-12-02 11:16:31', '866807996-4');
insert into schedule (capacity, price, timestamp, id_movie) values (49, 11.13, '2021-06-10 06:34:40', '117916681-7');
insert into schedule (capacity, price, timestamp, id_movie) values (69, 12.23, '2022-04-25 06:04:25', '085393270-0');
insert into schedule (capacity, price, timestamp, id_movie) values (71, 10.17, '2021-10-21 08:48:24', '487644443-9');
insert into schedule (capacity, price, timestamp, id_movie) values (67, 8.42, '2021-08-29 12:55:16', '380820338-2');
insert into schedule (capacity, price, timestamp, id_movie) values (59, 12.27, '2021-11-05 18:06:19', '473088844-8');
insert into schedule (capacity, price, timestamp, id_movie) values (34, 9.25, '2021-11-08 13:45:19', '794081133-9');
insert into schedule (capacity, price, timestamp, id_movie) values (48, 11.99, '2022-01-17 19:13:09', '355308867-2');
insert into schedule (capacity, price, timestamp, id_movie) values (44, 8.79, '2021-12-20 11:41:22', '463095984-X');
insert into schedule (capacity, price, timestamp, id_movie) values (71, 9.78, '2022-03-22 23:51:15', '429071115-4');
insert into schedule (capacity, price, timestamp, id_movie) values (54, 6.04, '2022-02-19 04:13:38', '707060248-0');
insert into schedule (capacity, price, timestamp, id_movie) values (54, 10.88, '2021-06-06 18:50:51', '568169650-2');
insert into schedule (capacity, price, timestamp, id_movie) values (35, 6.73, '2021-08-04 04:41:32', '813948544-6');
insert into schedule (capacity, price, timestamp, id_movie) values (49, 12.8, '2022-03-12 01:08:12', '536708907-0');
insert into schedule (capacity, price, timestamp, id_movie) values (66, 12.75, '2022-02-20 17:43:52', '756420730-2');
insert into schedule (capacity, price, timestamp, id_movie) values (64, 10.07, '2022-03-02 10:10:22', '009445706-9');
insert into schedule (capacity, price, timestamp, id_movie) values (52, 5.9, '2021-08-18 08:50:55', '008364958-1');
insert into schedule (capacity, price, timestamp, id_movie) values (61, 5.33, '2021-07-19 10:58:08', '369765278-8');
insert into schedule (capacity, price, timestamp, id_movie) values (34, 14.04, '2021-10-29 20:52:45', '686918664-2');
insert into schedule (capacity, price, timestamp, id_movie) values (69, 10.82, '2022-05-29 01:29:45', '319643103-7');
insert into schedule (capacity, price, timestamp, id_movie) values (53, 10.49, '2022-06-19 15:25:58', '754611144-7');
insert into schedule (capacity, price, timestamp, id_movie) values (48, 14.05, '2021-12-19 09:42:31', '510742537-2');
insert into schedule (capacity, price, timestamp, id_movie) values (68, 13.05, '2022-02-26 21:53:14', '678408483-7');
insert into schedule (capacity, price, timestamp, id_movie) values (42, 5.38, '2022-04-26 10:37:54', '138045528-6');
insert into schedule (capacity, price, timestamp, id_movie) values (66, 12.31, '2021-12-13 19:43:47', '656690573-1');
insert into schedule (capacity, price, timestamp, id_movie) values (28, 13.79, '2022-05-26 00:17:35', '754514762-6');
insert into schedule (capacity, price, timestamp, id_movie) values (64, 12.16, '2022-01-02 22:53:00', '665265100-9');
insert into schedule (capacity, price, timestamp, id_movie) values (42, 5.25, '2022-01-29 15:48:07', '619960996-4');
insert into schedule (capacity, price, timestamp, id_movie) values (35, 6.17, '2022-02-24 23:39:06', '833300176-9');
insert into schedule (capacity, price, timestamp, id_movie) values (55, 12.71, '2022-02-13 18:19:30', '573115625-5');
insert into schedule (capacity, price, timestamp, id_movie) values (69, 6.39, '2021-05-24 22:22:40', '293837190-X');
insert into schedule (capacity, price, timestamp, id_movie) values (34, 9.69, '2021-12-08 11:07:38', '024701760-4');
insert into schedule (capacity, price, timestamp, id_movie) values (60, 14.96, '2022-05-24 17:14:18', '175321987-6');
insert into schedule (capacity, price, timestamp, id_movie) values (26, 10.51, '2022-02-08 17:58:38', '220029535-9');
insert into schedule (capacity, price, timestamp, id_movie) values (54, 5.29, '2022-01-05 11:29:39', '431643794-1');
insert into schedule (capacity, price, timestamp, id_movie) values (56, 5.88, '2021-09-10 18:56:30', '303929371-0');
insert into schedule (capacity, price, timestamp, id_movie) values (46, 14.13, '2021-12-15 17:01:19', '429071115-4');
insert into schedule (capacity, price, timestamp, id_movie) values (70, 6.46, '2022-04-19 05:58:26', '564027699-1');
insert into schedule (capacity, price, timestamp, id_movie) values (27, 14.93, '2022-01-30 23:43:51', '763341678-5');
insert into schedule (capacity, price, timestamp, id_movie) values (63, 14.73, '2022-02-26 06:51:53', '175321987-6');
insert into schedule (capacity, price, timestamp, id_movie) values (64, 7.2, '2021-08-01 00:07:51', '103945935-8');
insert into schedule (capacity, price, timestamp, id_movie) values (47, 13.3, '2022-03-31 12:15:00', '156234742-X');
insert into schedule (capacity, price, timestamp, id_movie) values (40, 8.45, '2022-06-01 02:13:01', '738503451-9');
insert into schedule (capacity, price, timestamp, id_movie) values (50, 5.1, '2021-12-26 03:29:18', '743535831-2');
insert into schedule (capacity, price, timestamp, id_movie) values (68, 9.67, '2021-08-28 04:12:31', '794081133-9');
insert into schedule (capacity, price, timestamp, id_movie) values (28, 11.08, '2022-02-08 01:43:16', '636939311-8');
insert into schedule (capacity, price, timestamp, id_movie) values (64, 14.31, '2022-05-21 12:43:05', '035046572-X');
insert into schedule (capacity, price, timestamp, id_movie) values (65, 8.05, '2022-04-14 19:34:41', '756420730-2');
insert into schedule (capacity, price, timestamp, id_movie) values (50, 9.48, '2022-05-17 18:48:50', '176843680-0');
insert into schedule (capacity, price, timestamp, id_movie) values (51, 9.96, '2022-05-18 01:47:09', '108391141-4');
insert into schedule (capacity, price, timestamp, id_movie) values (25, 14.05, '2021-10-29 10:45:12', '421337713-X');
insert into schedule (capacity, price, timestamp, id_movie) values (38, 6.72, '2022-01-03 18:37:08', '288251544-8');
insert into schedule (capacity, price, timestamp, id_movie) values (59, 14.08, '2022-06-21 17:44:21', '855347442-9');
insert into schedule (capacity, price, timestamp, id_movie) values (25, 9.83, '2022-04-18 12:44:55', '035046572-X');
insert into schedule (capacity, price, timestamp, id_movie) values (32, 11.49, '2021-12-30 03:14:05', '046235296-X');
insert into schedule (capacity, price, timestamp, id_movie) values (72, 13.65, '2021-12-05 03:40:20', '794750824-0');
insert into schedule (capacity, price, timestamp, id_movie) values (53, 5.4, '2022-03-22 01:18:43', '816647578-2');
insert into schedule (capacity, price, timestamp, id_movie) values (29, 12.13, '2022-04-25 04:15:46', '152954440-8');
insert into schedule (capacity, price, timestamp, id_movie) values (59, 11.53, '2021-06-03 00:29:05', '321573352-8');
insert into schedule (capacity, price, timestamp, id_movie) values (55, 11.86, '2021-12-14 21:16:11', '536708907-0');
insert into schedule (capacity, price, timestamp, id_movie) values (26, 5.65, '2022-04-09 05:12:38', '501974566-9');
insert into schedule (capacity, price, timestamp, id_movie) values (27, 14.15, '2021-07-16 22:52:14', '188333364-4');
insert into schedule (capacity, price, timestamp, id_movie) values (69, 6.41, '2021-10-09 20:41:21', '097015445-3');
insert into schedule (capacity, price, timestamp, id_movie) values (58, 10.98, '2021-08-31 00:49:42', '287324428-3');
insert into schedule (capacity, price, timestamp, id_movie) values (67, 13.75, '2021-09-02 06:14:25', '262521788-X');
insert into schedule (capacity, price, timestamp, id_movie) values (25, 13.94, '2021-05-08 22:52:16', '892169583-4');
insert into schedule (capacity, price, timestamp, id_movie) values (37, 6.63, '2022-01-20 14:30:47', '610367732-7');
insert into schedule (capacity, price, timestamp, id_movie) values (52, 9.44, '2022-06-21 17:15:11', '466794896-5');
insert into schedule (capacity, price, timestamp, id_movie) values (47, 9.0, '2021-11-05 18:18:58', '931699231-1');
insert into schedule (capacity, price, timestamp, id_movie) values (42, 14.31, '2022-01-31 14:27:49', '084132661-4');
insert into schedule (capacity, price, timestamp, id_movie) values (25, 7.13, '2021-08-18 18:43:44', '632434480-0');
insert into schedule (capacity, price, timestamp, id_movie) values (55, 12.11, '2021-06-06 00:34:31', '010818564-8');
insert into schedule (capacity, price, timestamp, id_movie) values (27, 8.82, '2021-07-09 15:47:10', '892169583-4');
insert into schedule (capacity, price, timestamp, id_movie) values (68, 7.56, '2022-03-16 13:56:15', '201481783-9');
insert into schedule (capacity, price, timestamp, id_movie) values (75, 14.35, '2021-06-06 20:54:10', '021699522-1');
insert into schedule (capacity, price, timestamp, id_movie) values (48, 13.84, '2021-06-10 02:31:06', '877247052-6');
insert into schedule (capacity, price, timestamp, id_movie) values (71, 6.3, '2021-12-18 20:10:24', '767150457-2');
insert into schedule (capacity, price, timestamp, id_movie) values (75, 6.7, '2021-08-11 09:56:47', '763341678-5');
insert into schedule (capacity, price, timestamp, id_movie) values (50, 5.57, '2021-06-30 06:07:25', '397059530-4');
insert into schedule (capacity, price, timestamp, id_movie) values (65, 8.44, '2021-12-05 01:47:02', '417477566-4');
insert into schedule (capacity, price, timestamp, id_movie) values (32, 8.51, '2022-03-23 11:15:22', '891939444-X');
insert into schedule (capacity, price, timestamp, id_movie) values (59, 11.54, '2022-06-09 02:30:06', '046235296-X');
insert into schedule (capacity, price, timestamp, id_movie) values (72, 13.43, '2021-11-09 13:47:30', '485879629-9');
insert into schedule (capacity, price, timestamp, id_movie) values (52, 13.17, '2022-03-14 09:57:21', '359147548-3');
insert into schedule (capacity, price, timestamp, id_movie) values (32, 7.65, '2022-04-20 16:05:44', '047463483-3');
insert into schedule (capacity, price, timestamp, id_movie) values (70, 5.61, '2022-04-13 14:57:54', '037567321-0');
insert into schedule (capacity, price, timestamp, id_movie) values (29, 12.49, '2021-07-11 13:54:42', '830376781-X');
insert into schedule (capacity, price, timestamp, id_movie) values (53, 11.49, '2021-06-02 18:28:14', '591775100-5');
insert into schedule (capacity, price, timestamp, id_movie) values (34, 9.9, '2022-04-22 05:52:00', '465799965-6');
insert into schedule (capacity, price, timestamp, id_movie) values (29, 5.19, '2021-09-03 19:32:11', '048881690-4');
insert into schedule (capacity, price, timestamp, id_movie) values (32, 10.54, '2022-01-13 22:12:02', '929278293-2');
insert into schedule (capacity, price, timestamp, id_movie) values (65, 9.8, '2021-07-20 07:49:38', '716801207-X');
insert into schedule (capacity, price, timestamp, id_movie) values (57, 10.91, '2022-05-22 14:50:10', '848558680-8');
insert into schedule (capacity, price, timestamp, id_movie) values (56, 11.82, '2021-09-05 13:21:03', '117916681-7');
insert into schedule (capacity, price, timestamp, id_movie) values (70, 8.07, '2021-11-17 02:11:27', '301461370-3');
insert into schedule (capacity, price, timestamp, id_movie) values (75, 11.05, '2022-01-12 08:08:29', '170139424-3');
insert into schedule (capacity, price, timestamp, id_movie) values (65, 13.4, '2021-09-23 11:18:55', '466794896-5');
insert into schedule (capacity, price, timestamp, id_movie) values (55, 5.34, '2021-05-07 12:42:44', '110135043-1');
insert into schedule (capacity, price, timestamp, id_movie) values (33, 13.0, '2021-11-25 21:12:54', '048881690-4');
insert into schedule (capacity, price, timestamp, id_movie) values (66, 14.79, '2021-12-09 00:22:35', '793011748-0');
insert into schedule (capacity, price, timestamp, id_movie) values (32, 12.33, '2021-07-24 00:13:12', '220029535-9');
insert into schedule (capacity, price, timestamp, id_movie) values (32, 12.6, '2021-05-21 03:41:10', '911891918-9');
insert into schedule (capacity, price, timestamp, id_movie) values (67, 8.63, '2022-06-13 05:58:31', '892650929-X');
insert into schedule (capacity, price, timestamp, id_movie) values (31, 9.36, '2022-04-15 07:23:28', '085393270-0');
insert into schedule (capacity, price, timestamp, id_movie) values (72, 14.83, '2021-07-28 03:12:17', '665265100-9');
insert into schedule (capacity, price, timestamp, id_movie) values (51, 12.6, '2022-01-24 06:01:52', '789775261-5');
insert into schedule (capacity, price, timestamp, id_movie) values (72, 8.49, '2021-11-07 20:07:47', '738503451-9');
insert into schedule (capacity, price, timestamp, id_movie) values (51, 14.27, '2022-03-06 00:34:34', '823453525-0');
insert into schedule (capacity, price, timestamp, id_movie) values (43, 7.54, '2021-08-04 05:30:45', '048881690-4');
insert into schedule (capacity, price, timestamp, id_movie) values (51, 9.57, '2022-01-20 03:09:21', '156234742-X');
insert into schedule (capacity, price, timestamp, id_movie) values (46, 7.58, '2022-03-18 18:53:11', '789775261-5');
insert into schedule (capacity, price, timestamp, id_movie) values (40, 11.93, '2021-07-08 08:54:38', '622555725-3');
insert into schedule (capacity, price, timestamp, id_movie) values (59, 12.84, '2022-05-18 17:06:49', '097015445-3');
insert into schedule (capacity, price, timestamp, id_movie) values (30, 7.25, '2022-06-17 21:16:31', '499045141-4');
insert into schedule (capacity, price, timestamp, id_movie) values (61, 13.85, '2021-12-10 19:44:58', '152954440-8');
insert into schedule (capacity, price, timestamp, id_movie) values (40, 11.5, '2021-08-01 12:28:46', '745804614-7');
insert into schedule (capacity, price, timestamp, id_movie) values (46, 9.0, '2022-03-08 10:35:21', '312312729-X');
insert into schedule (capacity, price, timestamp, id_movie) values (38, 14.81, '2021-09-08 20:02:07', '466794896-5');
insert into schedule (capacity, price, timestamp, id_movie) values (57, 6.46, '2022-05-18 04:31:25', '342183927-1');
insert into schedule (capacity, price, timestamp, id_movie) values (39, 5.44, '2021-08-16 07:18:15', '289672720-5');
insert into schedule (capacity, price, timestamp, id_movie) values (37, 11.56, '2022-03-25 15:44:54', '756420730-2');
insert into schedule (capacity, price, timestamp, id_movie) values (59, 8.31, '2022-06-15 13:37:50', '512165403-0');
insert into schedule (capacity, price, timestamp, id_movie) values (25, 10.55, '2021-08-10 08:43:09', '220029535-9');
insert into schedule (capacity, price, timestamp, id_movie) values (75, 12.06, '2022-06-23 06:36:58', '663274165-7');
insert into schedule (capacity, price, timestamp, id_movie) values (51, 14.55, '2021-05-23 07:18:26', '466794896-5');
insert into schedule (capacity, price, timestamp, id_movie) values (29, 11.33, '2022-05-11 00:55:11', '058407428-X');
insert into schedule (capacity, price, timestamp, id_movie) values (74, 13.85, '2021-05-21 16:14:09', '228887925-4');
insert into schedule (capacity, price, timestamp, id_movie) values (36, 6.89, '2022-02-17 17:01:45', '570821380-9');
insert into schedule (capacity, price, timestamp, id_movie) values (55, 13.89, '2021-09-01 08:12:29', '171540770-9');
insert into schedule (capacity, price, timestamp, id_movie) values (42, 6.0, '2022-04-17 17:19:25', '039626177-9');
insert into schedule (capacity, price, timestamp, id_movie) values (61, 7.44, '2021-06-07 06:14:45', '098582389-5');
insert into schedule (capacity, price, timestamp, id_movie) values (46, 11.39, '2022-04-01 03:08:36', '395361784-2');
insert into schedule (capacity, price, timestamp, id_movie) values (39, 13.83, '2021-12-16 14:37:52', '247987981-X');
insert into schedule (capacity, price, timestamp, id_movie) values (40, 8.84, '2022-02-23 17:14:08', '188333364-4');
insert into schedule (capacity, price, timestamp, id_movie) values (40, 9.64, '2022-06-13 06:49:12', '889230192-6');
insert into schedule (capacity, price, timestamp, id_movie) values (58, 6.46, '2021-11-23 06:31:13', '148954275-2');
insert into schedule (capacity, price, timestamp, id_movie) values (66, 13.77, '2021-10-27 22:30:23', '536708907-0');
insert into schedule (capacity, price, timestamp, id_movie) values (38, 9.66, '2022-02-13 07:21:02', '373843531-X');
insert into schedule (capacity, price, timestamp, id_movie) values (54, 5.36, '2021-10-08 19:55:09', '885841037-8');
insert into schedule (capacity, price, timestamp, id_movie) values (57, 10.2, '2021-07-18 17:53:42', '351154441-6');
insert into schedule (capacity, price, timestamp, id_movie) values (56, 9.37, '2022-06-05 18:32:54', '805607855-X');
insert into schedule (capacity, price, timestamp, id_movie) values (32, 6.28, '2022-05-09 22:30:50', '671776868-1');
insert into schedule (capacity, price, timestamp, id_movie) values (51, 7.9, '2021-09-05 21:34:01', '729037991-8');
insert into schedule (capacity, price, timestamp, id_movie) values (40, 12.43, '2022-05-01 22:21:33', '652361113-2');
insert into schedule (capacity, price, timestamp, id_movie) values (51, 9.25, '2022-01-17 15:22:06', '262521788-X');
insert into schedule (capacity, price, timestamp, id_movie) values (27, 6.22, '2021-08-04 09:13:28', '573115625-5');
insert into schedule (capacity, price, timestamp, id_movie) values (74, 11.86, '2021-07-11 12:46:26', '618680702-9');
insert into schedule (capacity, price, timestamp, id_movie) values (75, 5.08, '2022-02-11 06:30:37', '892169583-4');
insert into schedule (capacity, price, timestamp, id_movie) values (54, 11.45, '2022-05-11 11:53:56', '009445706-9');
insert into schedule (capacity, price, timestamp, id_movie) values (35, 7.37, '2022-04-08 03:49:31', '907907205-2');
insert into schedule (capacity, price, timestamp, id_movie) values (53, 6.12, '2022-06-11 11:25:55', '726064760-4');
insert into schedule (capacity, price, timestamp, id_movie) values (69, 13.86, '2022-04-22 02:49:30', '199967483-9');
insert into schedule (capacity, price, timestamp, id_movie) values (37, 12.38, '2021-10-16 23:28:34', '703214806-9');
insert into schedule (capacity, price, timestamp, id_movie) values (31, 10.52, '2021-11-13 00:42:06', '359147548-3');
insert into schedule (capacity, price, timestamp, id_movie) values (39, 6.78, '2022-02-23 16:50:08', '089113347-X');
insert into schedule (capacity, price, timestamp, id_movie) values (33, 12.97, '2021-09-13 09:00:47', '659470812-0');
insert into schedule (capacity, price, timestamp, id_movie) values (29, 11.97, '2022-04-10 06:03:03', '432269269-9');
insert into schedule (capacity, price, timestamp, id_movie) values (60, 8.09, '2021-09-28 03:35:00', '139142712-2');
insert into schedule (capacity, price, timestamp, id_movie) values (48, 8.41, '2022-01-10 06:58:11', '120993848-0');
insert into schedule (capacity, price, timestamp, id_movie) values (49, 9.9, '2021-10-16 20:50:17', '974770575-3');
insert into schedule (capacity, price, timestamp, id_movie) values (46, 8.72, '2021-11-02 15:01:07', '337615457-0');
insert into schedule (capacity, price, timestamp, id_movie) values (64, 6.82, '2022-04-12 16:35:09', '543197095-X');
insert into schedule (capacity, price, timestamp, id_movie) values (61, 5.19, '2021-07-06 00:35:55', '152954440-8');
insert into schedule (capacity, price, timestamp, id_movie) values (31, 10.74, '2021-07-16 16:02:31', '033062655-8');
insert into schedule (capacity, price, timestamp, id_movie) values (51, 13.1, '2021-07-17 04:30:21', '605657822-4');
insert into schedule (capacity, price, timestamp, id_movie) values (71, 13.39, '2021-12-22 19:36:54', '290132969-1');
insert into schedule (capacity, price, timestamp, id_movie) values (61, 11.6, '2021-11-25 12:37:25', '364317273-7');
insert into schedule (capacity, price, timestamp, id_movie) values (71, 7.15, '2021-10-13 12:54:57', '720133586-3');
insert into schedule (capacity, price, timestamp, id_movie) values (73, 13.32, '2022-05-04 17:01:05', '432269269-9');
insert into schedule (capacity, price, timestamp, id_movie) values (35, 10.87, '2022-05-08 03:29:41', '999899334-2');
insert into schedule (capacity, price, timestamp, id_movie) values (53, 5.94, '2021-06-17 17:38:37', '795675279-5');
insert into schedule (capacity, price, timestamp, id_movie) values (31, 7.62, '2022-03-13 20:13:25', '039626177-9');
insert into schedule (capacity, price, timestamp, id_movie) values (55, 7.04, '2022-04-17 09:12:26', '806958078-X');
insert into schedule (capacity, price, timestamp, id_movie) values (47, 12.75, '2021-09-30 23:11:39', '815544321-3');
insert into schedule (capacity, price, timestamp, id_movie) values (68, 6.28, '2021-07-30 05:12:14', '687764863-3');
insert into schedule (capacity, price, timestamp, id_movie) values (32, 11.64, '2021-11-06 17:05:25', '380820338-2');
insert into schedule (capacity, price, timestamp, id_movie) values (68, 14.44, '2021-08-25 15:04:37', '286337670-5');
insert into schedule (capacity, price, timestamp, id_movie) values (62, 11.52, '2021-10-05 08:11:17', '350843508-3');
insert into schedule (capacity, price, timestamp, id_movie) values (28, 11.83, '2021-05-17 14:28:51', '299967402-3');
insert into schedule (capacity, price, timestamp, id_movie) values (55, 12.09, '2021-11-13 20:00:46', '709046454-7');
insert into schedule (capacity, price, timestamp, id_movie) values (50, 14.86, '2021-08-11 18:50:56', '450226390-7');
insert into schedule (capacity, price, timestamp, id_movie) values (28, 10.39, '2021-07-12 13:27:08', '139142712-2');
insert into schedule (capacity, price, timestamp, id_movie) values (32, 12.34, '2021-10-11 13:30:25', '619960996-4');
insert into schedule (capacity, price, timestamp, id_movie) values (39, 7.27, '2021-08-12 09:00:53', '009445706-9');
insert into schedule (capacity, price, timestamp, id_movie) values (49, 11.09, '2021-10-04 08:35:16', '227704044-4');
insert into schedule (capacity, price, timestamp, id_movie) values (70, 10.36, '2021-10-22 03:17:29', '945273404-3');
insert into schedule (capacity, price, timestamp, id_movie) values (42, 12.36, '2022-03-15 16:07:19', '289672720-5');
insert into schedule (capacity, price, timestamp, id_movie) values (45, 11.27, '2021-07-26 00:00:10', '483795485-5');
insert into schedule (capacity, price, timestamp, id_movie) values (73, 6.92, '2021-06-20 20:33:56', '703214806-9');
insert into schedule (capacity, price, timestamp, id_movie) values (42, 8.87, '2022-03-05 09:39:01', '877176588-3');
insert into schedule (capacity, price, timestamp, id_movie) values (62, 9.28, '2021-08-29 06:44:49', '342183927-1');
insert into schedule (capacity, price, timestamp, id_movie) values (54, 9.06, '2021-12-09 17:27:01', '342183927-1');
insert into schedule (capacity, price, timestamp, id_movie) values (46, 10.9, '2022-02-11 23:18:05', '505199495-4');
insert into schedule (capacity, price, timestamp, id_movie) values (28, 7.67, '2021-12-06 10:34:04', '382436083-7');
insert into schedule (capacity, price, timestamp, id_movie) values (27, 7.38, '2021-12-26 23:44:01', '293930779-2');
insert into schedule (capacity, price, timestamp, id_movie) values (46, 8.28, '2021-10-11 21:32:03', '188333364-4');
insert into schedule (capacity, price, timestamp, id_movie) values (44, 8.19, '2021-11-04 22:53:58', '596866445-2');
insert into schedule (capacity, price, timestamp, id_movie) values (45, 8.02, '2022-03-06 11:42:27', '183211999-8');
insert into schedule (capacity, price, timestamp, id_movie) values (27, 7.82, '2022-02-23 23:13:57', '888110720-1');
insert into schedule (capacity, price, timestamp, id_movie) values (66, 13.44, '2022-02-21 11:32:54', '723994641-X');
insert into schedule (capacity, price, timestamp, id_movie) values (50, 7.26, '2021-11-21 19:24:33', '432269269-9');
insert into schedule (capacity, price, timestamp, id_movie) values (51, 5.53, '2021-09-28 02:34:00', '512165403-0');
insert into schedule (capacity, price, timestamp, id_movie) values (62, 6.62, '2022-06-28 08:17:20', '752293973-9');
insert into schedule (capacity, price, timestamp, id_movie) values (34, 12.1, '2021-06-20 14:58:03', '359147548-3');
insert into schedule (capacity, price, timestamp, id_movie) values (38, 14.47, '2021-06-08 14:05:28', '356107423-5');
insert into schedule (capacity, price, timestamp, id_movie) values (47, 9.21, '2021-09-18 13:53:03', '417477566-4');
insert into schedule (capacity, price, timestamp, id_movie) values (52, 6.74, '2021-11-04 23:15:33', '344432977-6');
insert into schedule (capacity, price, timestamp, id_movie) values (30, 12.46, '2021-11-01 23:16:39', '957024065-2');
insert into schedule (capacity, price, timestamp, id_movie) values (63, 5.2, '2022-05-14 00:52:26', '618680702-9');
insert into schedule (capacity, price, timestamp, id_movie) values (25, 5.93, '2021-06-21 23:24:23', '920256665-8');
insert into schedule (capacity, price, timestamp, id_movie) values (75, 9.82, '2021-10-06 09:32:02', '287324428-3');
insert into schedule (capacity, price, timestamp, id_movie) values (49, 5.58, '2021-12-30 00:08:39', '875617869-7');
insert into schedule (capacity, price, timestamp, id_movie) values (70, 8.8, '2021-10-19 01:18:28', '871622386-1');
insert into schedule (capacity, price, timestamp, id_movie) values (75, 8.61, '2022-01-10 21:56:38', '659470812-0');
insert into schedule (capacity, price, timestamp, id_movie) values (25, 9.81, '2022-06-10 16:33:10', '037567321-0');
insert into schedule (capacity, price, timestamp, id_movie) values (31, 9.36, '2021-08-16 23:23:55', '117916681-7');
insert into schedule (capacity, price, timestamp, id_movie) values (73, 5.61, '2021-10-22 06:04:38', '228887925-4');
insert into schedule (capacity, price, timestamp, id_movie) values (58, 13.07, '2022-01-29 00:26:12', '703214806-9');
insert into schedule (capacity, price, timestamp, id_movie) values (33, 5.12, '2021-05-09 19:11:10', '424301157-5');
insert into schedule (capacity, price, timestamp, id_movie) values (37, 5.15, '2022-05-03 21:33:52', '662710799-6');
insert into schedule (capacity, price, timestamp, id_movie) values (75, 14.05, '2022-03-23 17:11:39', '077714954-0');
insert into schedule (capacity, price, timestamp, id_movie) values (41, 8.73, '2021-08-20 04:34:20', '491263236-8');
insert into schedule (capacity, price, timestamp, id_movie) values (48, 11.21, '2022-02-07 06:42:09', '445332976-8');
insert into schedule (capacity, price, timestamp, id_movie) values (48, 11.1, '2021-05-19 17:50:15', '815544321-3');
insert into schedule (capacity, price, timestamp, id_movie) values (70, 8.29, '2021-11-16 06:12:20', '247987981-X');
insert into schedule (capacity, price, timestamp, id_movie) values (58, 10.3, '2021-08-27 01:14:43', '830376781-X');
insert into schedule (capacity, price, timestamp, id_movie) values (61, 5.37, '2022-05-29 13:41:15', '944987178-7');
insert into schedule (capacity, price, timestamp, id_movie) values (59, 8.84, '2021-09-30 07:02:47', '663274165-7');
insert into schedule (capacity, price, timestamp, id_movie) values (50, 8.92, '2022-06-09 23:47:19', '805596461-0');
insert into schedule (capacity, price, timestamp, id_movie) values (29, 5.26, '2021-09-01 05:25:22', '348013644-3');
insert into schedule (capacity, price, timestamp, id_movie) values (38, 7.34, '2022-01-21 16:14:19', '093615006-8');
insert into schedule (capacity, price, timestamp, id_movie) values (70, 6.4, '2022-05-27 04:47:56', '678489078-7');
insert into schedule (capacity, price, timestamp, id_movie) values (30, 13.39, '2021-08-17 22:03:45', '410875735-1');
insert into schedule (capacity, price, timestamp, id_movie) values (72, 5.75, '2021-12-05 04:55:57', '375093691-9');
insert into schedule (capacity, price, timestamp, id_movie) values (56, 9.97, '2021-09-21 13:26:31', '331451789-0');
insert into schedule (capacity, price, timestamp, id_movie) values (31, 9.98, '2022-04-24 13:31:40', '591775100-5');
insert into schedule (capacity, price, timestamp, id_movie) values (44, 8.13, '2021-08-25 20:01:30', '931699231-1');
insert into schedule (capacity, price, timestamp, id_movie) values (67, 10.82, '2021-10-10 07:45:57', '228887925-4');
insert into schedule (capacity, price, timestamp, id_movie) values (28, 11.6, '2022-05-31 10:03:49', '342183927-1');
insert into schedule (capacity, price, timestamp, id_movie) values (68, 14.5, '2021-08-13 05:41:38', '618680702-9');
insert into schedule (capacity, price, timestamp, id_movie) values (44, 13.4, '2021-08-13 14:17:02', '469007517-4');
insert into schedule (capacity, price, timestamp, id_movie) values (43, 6.38, '2022-01-29 21:14:51', '564027699-1');
insert into schedule (capacity, price, timestamp, id_movie) values (41, 6.05, '2021-10-22 06:18:13', '636939311-8');
insert into schedule (capacity, price, timestamp, id_movie) values (57, 6.1, '2022-06-10 21:22:32', '546604502-0');
insert into schedule (capacity, price, timestamp, id_movie) values (59, 11.25, '2021-11-09 19:16:08', '957024065-2');
insert into schedule (capacity, price, timestamp, id_movie) values (61, 10.97, '2022-02-18 07:20:27', '359147548-3');
insert into schedule (capacity, price, timestamp, id_movie) values (28, 9.81, '2021-09-17 21:25:05', '058407428-X');
insert into schedule (capacity, price, timestamp, id_movie) values (46, 14.04, '2021-07-22 14:44:21', '954727389-2');
insert into schedule (capacity, price, timestamp, id_movie) values (49, 8.06, '2022-01-29 17:05:34', '048881690-4');
insert into schedule (capacity, price, timestamp, id_movie) values (32, 5.47, '2021-10-08 07:31:47', '718130202-7');
insert into schedule (capacity, price, timestamp, id_movie) values (26, 8.19, '2021-07-22 12:01:42', '958561846-X');
insert into schedule (capacity, price, timestamp, id_movie) values (26, 5.36, '2022-04-26 01:03:16', '311000320-1');
insert into schedule (capacity, price, timestamp, id_movie) values (65, 8.1, '2022-03-22 16:16:08', '175321987-6');
insert into schedule (capacity, price, timestamp, id_movie) values (58, 13.81, '2021-09-23 06:21:19', '417745478-8');
insert into schedule (capacity, price, timestamp, id_movie) values (52, 10.33, '2022-01-07 17:04:53', '728988212-1');
insert into schedule (capacity, price, timestamp, id_movie) values (46, 13.48, '2022-04-18 09:15:03', '734723837-4');
insert into schedule (capacity, price, timestamp, id_movie) values (46, 9.82, '2021-06-14 15:09:51', '605657822-4');
insert into schedule (capacity, price, timestamp, id_movie) values (41, 8.88, '2021-11-21 10:56:41', '947149057-X');
insert into schedule (capacity, price, timestamp, id_movie) values (66, 12.88, '2022-03-22 23:51:00', '683860261-X');
insert into schedule (capacity, price, timestamp, id_movie) values (29, 8.91, '2021-11-01 13:03:37', '665289398-3');
insert into schedule (capacity, price, timestamp, id_movie) values (43, 13.49, '2022-06-27 19:59:32', '429071115-4');
insert into schedule (capacity, price, timestamp, id_movie) values (52, 7.13, '2021-10-28 13:39:18', '920256665-8');
insert into schedule (capacity, price, timestamp, id_movie) values (53, 13.0, '2021-05-21 02:58:50', '884581518-8');
insert into schedule (capacity, price, timestamp, id_movie) values (32, 12.87, '2021-11-21 18:21:56', '506857511-9');
insert into schedule (capacity, price, timestamp, id_movie) values (31, 13.82, '2022-02-20 23:53:19', '652361113-2');
insert into schedule (capacity, price, timestamp, id_movie) values (71, 6.21, '2022-02-24 11:33:02', '253283063-8');
insert into schedule (capacity, price, timestamp, id_movie) values (71, 10.93, '2022-02-26 22:18:45', '243713475-1');
insert into schedule (capacity, price, timestamp, id_movie) values (35, 9.73, '2021-08-15 15:42:33', '009445706-9');
insert into schedule (capacity, price, timestamp, id_movie) values (60, 5.03, '2021-08-13 11:19:28', '127195205-X');
insert into schedule (capacity, price, timestamp, id_movie) values (72, 7.26, '2021-12-24 13:17:07', '129229330-6');
insert into schedule (capacity, price, timestamp, id_movie) values (52, 11.23, '2021-11-25 20:27:52', '067487541-9');
insert into schedule (capacity, price, timestamp, id_movie) values (44, 13.88, '2022-04-19 03:00:12', '659470812-0');
insert into schedule (capacity, price, timestamp, id_movie) values (33, 14.3, '2022-06-06 02:39:03', '543197095-X');
insert into schedule (capacity, price, timestamp, id_movie) values (43, 8.83, '2022-04-08 01:53:51', '373843531-X');
insert into schedule (capacity, price, timestamp, id_movie) values (61, 11.76, '2021-09-11 07:11:20', '170139424-3');
insert into schedule (capacity, price, timestamp, id_movie) values (65, 5.54, '2022-06-01 23:54:46', '617851695-9');
insert into schedule (capacity, price, timestamp, id_movie) values (61, 7.07, '2021-05-11 01:17:24', '893816641-4');
insert into schedule (capacity, price, timestamp, id_movie) values (39, 11.6, '2022-03-30 20:46:21', '417745478-8');
insert into schedule (capacity, price, timestamp, id_movie) values (61, 14.32, '2021-11-21 18:57:37', '171540770-9');
insert into schedule (capacity, price, timestamp, id_movie) values (46, 10.19, '2021-05-28 17:17:05', '431643794-1');
insert into schedule (capacity, price, timestamp, id_movie) values (67, 8.67, '2021-08-13 22:26:16', '047463483-3');
insert into schedule (capacity, price, timestamp, id_movie) values (63, 10.9, '2022-05-22 01:51:07', '356107423-5');
insert into schedule (capacity, price, timestamp, id_movie) values (57, 7.67, '2021-11-29 05:31:07', '666845085-7');
insert into schedule (capacity, price, timestamp, id_movie) values (40, 10.81, '2022-04-28 15:19:40', '686918664-2');
insert into schedule (capacity, price, timestamp, id_movie) values (56, 8.26, '2022-03-17 05:44:18', '199967483-9');
insert into schedule (capacity, price, timestamp, id_movie) values (36, 12.67, '2022-01-27 01:11:15', '954870554-0');
insert into schedule (capacity, price, timestamp, id_movie) values (27, 7.12, '2022-02-13 23:16:09', '611572850-9');
insert into schedule (capacity, price, timestamp, id_movie) values (48, 10.94, '2022-02-08 23:50:36', '193639879-6');
insert into schedule (capacity, price, timestamp, id_movie) values (40, 12.64, '2021-11-12 05:21:42', '323023223-2');
insert into schedule (capacity, price, timestamp, id_movie) values (50, 9.99, '2021-09-10 16:15:18', '497038627-7');
insert into schedule (capacity, price, timestamp, id_movie) values (52, 8.46, '2022-05-21 18:23:08', '816647578-2');
insert into schedule (capacity, price, timestamp, id_movie) values (29, 5.67, '2021-07-09 02:29:13', '848558680-8');
insert into schedule (capacity, price, timestamp, id_movie) values (31, 5.32, '2021-06-15 03:41:56', '035046572-X');
insert into schedule (capacity, price, timestamp, id_movie) values (68, 14.43, '2021-10-09 11:52:35', '536708907-0');
insert into schedule (capacity, price, timestamp, id_movie) values (53, 12.68, '2021-07-26 03:59:57', '504224395-X');
insert into schedule (capacity, price, timestamp, id_movie) values (25, 9.17, '2022-03-26 18:17:48', '386920690-X');
insert into schedule (capacity, price, timestamp, id_movie) values (27, 12.3, '2022-06-29 07:27:52', '805607855-X');
insert into schedule (capacity, price, timestamp, id_movie) values (56, 6.19, '2021-09-21 04:13:14', '783469003-5');
insert into schedule (capacity, price, timestamp, id_movie) values (64, 6.45, '2022-04-05 00:11:08', '405980268-9');
insert into schedule (capacity, price, timestamp, id_movie) values (36, 5.54, '2022-03-26 15:12:17', '675420977-1');
insert into schedule (capacity, price, timestamp, id_movie) values (69, 7.23, '2022-02-26 00:01:48', '364317273-7');
insert into schedule (capacity, price, timestamp, id_movie) values (54, 8.03, '2021-11-15 00:41:11', '698959268-0');
insert into schedule (capacity, price, timestamp, id_movie) values (64, 8.7, '2021-11-07 14:31:37', '734723837-4');
insert into schedule (capacity, price, timestamp, id_movie) values (55, 12.69, '2021-10-10 23:52:37', '954870554-0');
insert into schedule (capacity, price, timestamp, id_movie) values (30, 9.55, '2022-02-13 21:02:40', '155262605-9');
insert into schedule (capacity, price, timestamp, id_movie) values (30, 13.97, '2022-01-07 16:02:38', '343005547-4');
insert into schedule (capacity, price, timestamp, id_movie) values (51, 7.67, '2021-12-25 10:38:21', '855347442-9');
insert into schedule (capacity, price, timestamp, id_movie) values (25, 11.97, '2021-08-13 18:59:07', '756420730-2');
insert into schedule (capacity, price, timestamp, id_movie) values (57, 7.74, '2021-06-15 17:46:43', '726781774-2');
insert into schedule (capacity, price, timestamp, id_movie) values (39, 10.07, '2021-07-31 22:15:23', '008709261-1');
insert into schedule (capacity, price, timestamp, id_movie) values (31, 8.2, '2021-07-10 18:57:37', '536708907-0');
insert into schedule (capacity, price, timestamp, id_movie) values (74, 14.15, '2021-12-24 21:25:04', '510932722-X');
insert into schedule (capacity, price, timestamp, id_movie) values (41, 7.66, '2021-08-06 07:37:41', '017254984-1');
insert into schedule (capacity, price, timestamp, id_movie) values (42, 12.91, '2022-06-03 00:32:36', '373843531-X');
insert into schedule (capacity, price, timestamp, id_movie) values (59, 14.71, '2021-11-13 02:43:06', '345917615-6');
insert into schedule (capacity, price, timestamp, id_movie) values (30, 14.03, '2021-11-20 18:46:44', '596866445-2');
insert into schedule (capacity, price, timestamp, id_movie) values (48, 13.13, '2022-04-12 08:19:55', '110135043-1');
insert into schedule (capacity, price, timestamp, id_movie) values (70, 13.59, '2022-06-07 22:32:14', '228887925-4');
insert into schedule (capacity, price, timestamp, id_movie) values (39, 6.29, '2021-10-04 04:49:15', '803702033-9');
insert into schedule (capacity, price, timestamp, id_movie) values (75, 10.1, '2021-11-29 00:29:58', '017254984-1');
insert into schedule (capacity, price, timestamp, id_movie) values (29, 14.85, '2021-10-08 06:03:34', '169140758-5');
insert into schedule (capacity, price, timestamp, id_movie) values (42, 10.56, '2021-07-07 14:07:46', '710634944-5');
insert into schedule (capacity, price, timestamp, id_movie) values (67, 7.13, '2022-02-28 03:27:57', '133050605-7');
insert into schedule (capacity, price, timestamp, id_movie) values (32, 10.91, '2022-04-16 00:57:25', '623985790-4');
insert into schedule (capacity, price, timestamp, id_movie) values (51, 9.5, '2022-06-26 20:16:59', '957024065-2');
insert into schedule (capacity, price, timestamp, id_movie) values (68, 8.44, '2021-06-28 22:14:43', '465799965-6');
insert into schedule (capacity, price, timestamp, id_movie) values (65, 9.68, '2021-12-24 13:34:34', '337615457-0');
insert into schedule (capacity, price, timestamp, id_movie) values (69, 5.83, '2021-07-22 07:49:22', '728988212-1');
insert into schedule (capacity, price, timestamp, id_movie) values (31, 8.24, '2022-01-17 17:03:25', '450226390-7');
insert into schedule (capacity, price, timestamp, id_movie) values (61, 7.82, '2022-05-28 09:03:10', '305788043-6');
insert into schedule (capacity, price, timestamp, id_movie) values (74, 11.17, '2021-08-27 00:17:56', '752293973-9');
insert into schedule (capacity, price, timestamp, id_movie) values (56, 7.79, '2022-03-23 05:34:37', '359147548-3');
insert into schedule (capacity, price, timestamp, id_movie) values (41, 10.49, '2022-03-25 19:19:00', '937831716-2');
insert into schedule (capacity, price, timestamp, id_movie) values (31, 12.64, '2022-02-11 08:06:17', '781979602-2');
insert into schedule (capacity, price, timestamp, id_movie) values (29, 10.56, '2021-09-08 21:08:54', '683860261-X');
insert into schedule (capacity, price, timestamp, id_movie) values (29, 10.61, '2021-05-17 09:30:03', '925101292-X');
insert into schedule (capacity, price, timestamp, id_movie) values (65, 5.32, '2021-08-29 19:18:46', '089113347-X');
insert into schedule (capacity, price, timestamp, id_movie) values (60, 12.92, '2022-03-23 03:28:51', '132400394-4');
insert into schedule (capacity, price, timestamp, id_movie) values (64, 7.79, '2021-08-19 01:25:56', '139212596-0');
insert into schedule (capacity, price, timestamp, id_movie) values (33, 6.87, '2021-08-06 01:10:48', '991880445-9');
insert into schedule (capacity, price, timestamp, id_movie) values (29, 9.44, '2021-08-16 07:15:19', '720133586-3');
insert into schedule (capacity, price, timestamp, id_movie) values (29, 5.25, '2021-06-26 00:42:29', '570821380-9');
insert into schedule (capacity, price, timestamp, id_movie) values (75, 5.4, '2021-08-06 03:31:07', '288385563-3');
insert into schedule (capacity, price, timestamp, id_movie) values (54, 9.81, '2022-01-03 08:18:27', '109880970-X');
insert into schedule (capacity, price, timestamp, id_movie) values (31, 10.23, '2022-03-08 16:25:01', '395361784-2');
insert into schedule (capacity, price, timestamp, id_movie) values (29, 14.9, '2022-03-31 11:12:51', '382436083-7');
insert into schedule (capacity, price, timestamp, id_movie) values (31, 11.76, '2022-01-12 07:52:55', '796712504-5');
insert into schedule (capacity, price, timestamp, id_movie) values (25, 10.01, '2021-07-21 12:48:48', '199967483-9');
insert into schedule (capacity, price, timestamp, id_movie) values (58, 5.11, '2022-02-25 01:12:30', '512165403-0');
insert into schedule (capacity, price, timestamp, id_movie) values (50, 12.05, '2022-05-28 20:58:10', '376739154-6');
insert into schedule (capacity, price, timestamp, id_movie) values (39, 9.89, '2021-09-02 13:36:45', '037567321-0');
insert into schedule (capacity, price, timestamp, id_movie) values (48, 8.61, '2021-09-08 15:45:50', '543197095-X');
insert into schedule (capacity, price, timestamp, id_movie) values (36, 6.4, '2022-03-31 03:39:16', '745804614-7');
insert into schedule (capacity, price, timestamp, id_movie) values (66, 12.18, '2022-04-30 11:56:38', '546604502-0');
insert into schedule (capacity, price, timestamp, id_movie) values (53, 11.23, '2021-08-09 21:55:41', '199967483-9');
insert into schedule (capacity, price, timestamp, id_movie) values (55, 6.02, '2021-10-17 01:20:15', '039626177-9');
insert into schedule (capacity, price, timestamp, id_movie) values (47, 14.21, '2022-01-06 23:13:00', '790352046-6');
insert into schedule (capacity, price, timestamp, id_movie) values (53, 14.86, '2021-11-04 04:01:48', '176843680-0');
insert into schedule (capacity, price, timestamp, id_movie) values (49, 12.69, '2021-08-07 15:44:09', '686446786-4');
insert into schedule (capacity, price, timestamp, id_movie) values (74, 6.03, '2021-07-24 05:09:38', '659470812-0');
insert into schedule (capacity, price, timestamp, id_movie) values (35, 9.4, '2022-03-24 18:27:47', '293837190-X');
insert into schedule (capacity, price, timestamp, id_movie) values (36, 11.61, '2022-03-03 02:51:45', '089113347-X');
insert into schedule (capacity, price, timestamp, id_movie) values (30, 7.67, '2021-06-15 14:18:18', '459272476-3');
insert into schedule (capacity, price, timestamp, id_movie) values (59, 9.32, '2022-05-08 17:58:05', '930632817-6');
insert into schedule (capacity, price, timestamp, id_movie) values (32, 10.54, '2022-02-22 07:23:41', '463095984-X');
insert into schedule (capacity, price, timestamp, id_movie) values (51, 9.92, '2022-01-21 10:09:01', '386920690-X');
insert into schedule (capacity, price, timestamp, id_movie) values (53, 14.71, '2021-12-13 13:15:42', '359147548-3');
insert into schedule (capacity, price, timestamp, id_movie) values (64, 7.08, '2021-07-28 17:50:22', '010818564-8');
insert into schedule (capacity, price, timestamp, id_movie) values (41, 7.8, '2022-01-12 00:37:01', '089113347-X');
insert into schedule (capacity, price, timestamp, id_movie) values (51, 13.78, '2021-12-31 04:14:56', '676296179-7');
insert into schedule (capacity, price, timestamp, id_movie) values (60, 14.62, '2021-08-15 14:01:42', '322115615-4');
insert into schedule (capacity, price, timestamp, id_movie) values (34, 9.86, '2021-08-12 08:24:00', '795675279-5');
insert into schedule (capacity, price, timestamp, id_movie) values (30, 12.02, '2022-05-20 02:10:11', '971672728-3');
insert into schedule (capacity, price, timestamp, id_movie) values (54, 7.96, '2021-06-13 06:11:26', '315623583-0');
insert into schedule (capacity, price, timestamp, id_movie) values (44, 14.61, '2021-09-24 13:13:45', '280901408-6');
insert into schedule (capacity, price, timestamp, id_movie) values (40, 8.17, '2021-08-18 10:17:36', '117916681-7');
insert into schedule (capacity, price, timestamp, id_movie) values (46, 11.4, '2021-09-05 15:46:05', '288385563-3');
insert into schedule (capacity, price, timestamp, id_movie) values (40, 12.73, '2022-02-13 07:17:52', '710634944-5');
insert into schedule (capacity, price, timestamp, id_movie) values (74, 11.48, '2022-04-13 23:09:29', '089113347-X');
insert into schedule (capacity, price, timestamp, id_movie) values (51, 11.93, '2022-06-20 04:37:32', '243713475-1');
insert into schedule (capacity, price, timestamp, id_movie) values (52, 6.16, '2022-02-28 13:12:44', '429071115-4');
insert into schedule (capacity, price, timestamp, id_movie) values (35, 8.69, '2022-02-25 19:47:01', '794750824-0');
insert into schedule (capacity, price, timestamp, id_movie) values (31, 10.22, '2021-06-13 11:17:24', '169140758-5');
insert into schedule (capacity, price, timestamp, id_movie) values (44, 9.71, '2021-11-02 18:41:29', '008364958-1');
insert into schedule (capacity, price, timestamp, id_movie) values (71, 8.9, '2021-12-08 05:44:49', '008364958-1');
insert into schedule (capacity, price, timestamp, id_movie) values (55, 8.65, '2021-06-20 08:25:40', '262521788-X');
insert into schedule (capacity, price, timestamp, id_movie) values (69, 10.32, '2021-05-17 16:25:01', '960921810-5');
insert into schedule (capacity, price, timestamp, id_movie) values (58, 6.02, '2021-11-01 06:35:34', '228887925-4');
insert into schedule (capacity, price, timestamp, id_movie) values (30, 10.21, '2021-11-10 00:21:49', '152954440-8');
insert into schedule (capacity, price, timestamp, id_movie) values (64, 5.74, '2021-12-05 01:32:27', '738503451-9');
insert into schedule (capacity, price, timestamp, id_movie) values (46, 5.5, '2022-01-18 03:11:07', '838238034-4');
insert into schedule (capacity, price, timestamp, id_movie) values (75, 5.78, '2022-05-26 05:31:21', '156234742-X');
insert into schedule (capacity, price, timestamp, id_movie) values (61, 13.57, '2021-12-17 07:19:03', '170139424-3');
insert into schedule (capacity, price, timestamp, id_movie) values (67, 6.17, '2022-06-06 08:18:59', '889230192-6');
insert into schedule (capacity, price, timestamp, id_movie) values (68, 5.26, '2021-08-17 04:37:23', '139142712-2');
insert into schedule (capacity, price, timestamp, id_movie) values (49, 13.87, '2021-05-01 22:20:54', '095099207-0');
insert into schedule (capacity, price, timestamp, id_movie) values (50, 12.66, '2021-05-01 05:47:51', '469007517-4');
insert into schedule (capacity, price, timestamp, id_movie) values (73, 5.2, '2022-06-27 04:01:10', '815544321-3');
insert into schedule (capacity, price, timestamp, id_movie) values (52, 7.62, '2021-12-27 02:19:11', '678489078-7');
insert into schedule (capacity, price, timestamp, id_movie) values (38, 13.53, '2021-07-01 12:11:54', '914842282-7');
insert into schedule (capacity, price, timestamp, id_movie) values (65, 9.88, '2022-01-18 17:10:16', '659470812-0');
insert into schedule (capacity, price, timestamp, id_movie) values (62, 8.11, '2021-05-30 03:36:57', '485879629-9');
insert into schedule (capacity, price, timestamp, id_movie) values (51, 5.03, '2022-02-10 06:59:54', '861012719-2');
insert into schedule (capacity, price, timestamp, id_movie) values (65, 12.18, '2021-06-21 14:08:30', '745804614-7');
insert into schedule (capacity, price, timestamp, id_movie) values (25, 9.76, '2022-01-13 21:31:50', '351154441-6');
insert into schedule (capacity, price, timestamp, id_movie) values (62, 6.37, '2021-07-01 05:26:42', '092448680-5');
insert into schedule (capacity, price, timestamp, id_movie) values (44, 14.46, '2022-03-26 02:50:18', '893816641-4');
insert into schedule (capacity, price, timestamp, id_movie) values (39, 13.92, '2021-07-25 22:49:21', '830376781-X');
insert into schedule (capacity, price, timestamp, id_movie) values (41, 9.69, '2021-05-26 01:35:02', '289138771-6');
insert into schedule (capacity, price, timestamp, id_movie) values (31, 13.12, '2022-01-24 15:39:28', '046235296-X');
insert into schedule (capacity, price, timestamp, id_movie) values (70, 14.89, '2022-03-17 20:54:14', '021699522-1');
insert into schedule (capacity, price, timestamp, id_movie) values (44, 6.63, '2022-04-18 04:39:32', '936415685-4');
insert into schedule (capacity, price, timestamp, id_movie) values (72, 9.4, '2021-12-05 18:36:25', '108391141-4');
insert into schedule (capacity, price, timestamp, id_movie) values (38, 9.89, '2021-10-13 15:46:49', '020535678-8');
insert into schedule (capacity, price, timestamp, id_movie) values (35, 8.53, '2021-12-27 16:41:06', '321573352-8');
insert into schedule (capacity, price, timestamp, id_movie) values (52, 10.25, '2021-08-12 17:25:00', '936415685-4');
insert into schedule (capacity, price, timestamp, id_movie) values (33, 7.06, '2021-06-09 07:26:02', '709046454-7');
insert into schedule (capacity, price, timestamp, id_movie) values (70, 11.31, '2022-02-02 03:30:01', '199967483-9');
insert into schedule (capacity, price, timestamp, id_movie) values (29, 12.86, '2022-06-19 15:48:07', '535020276-6');
insert into schedule (capacity, price, timestamp, id_movie) values (47, 5.02, '2022-05-08 11:39:13', '427105840-8');
insert into schedule (capacity, price, timestamp, id_movie) values (29, 7.04, '2022-04-13 08:06:22', '037567321-0');
insert into schedule (capacity, price, timestamp, id_movie) values (28, 10.08, '2021-12-02 15:28:29', '089113347-X');
insert into schedule (capacity, price, timestamp, id_movie) values (52, 11.2, '2021-12-15 23:59:59', '385972318-9');
insert into schedule (capacity, price, timestamp, id_movie) values (68, 11.88, '2022-03-07 05:39:17', '199988638-0');
insert into schedule (capacity, price, timestamp, id_movie) values (38, 14.24, '2021-11-20 07:37:28', '937831716-2');
insert into schedule (capacity, price, timestamp, id_movie) values (42, 14.54, '2021-12-12 06:50:35', '745804614-7');
insert into schedule (capacity, price, timestamp, id_movie) values (71, 7.73, '2021-09-21 07:20:13', '611572850-9');
insert into schedule (capacity, price, timestamp, id_movie) values (50, 6.71, '2022-03-08 20:56:43', '431643794-1');
insert into schedule (capacity, price, timestamp, id_movie) values (47, 7.62, '2022-02-12 04:25:18', '720133586-3');
insert into schedule (capacity, price, timestamp, id_movie) values (47, 14.86, '2022-04-19 01:32:03', '046235296-X');
insert into schedule (capacity, price, timestamp, id_movie) values (32, 8.17, '2021-07-02 08:21:16', '376634337-8');
insert into schedule (capacity, price, timestamp, id_movie) values (55, 10.59, '2022-04-14 07:59:36', '497038627-7');
insert into schedule (capacity, price, timestamp, id_movie) values (37, 7.61, '2022-01-13 11:54:04', '116615839-X');
insert into schedule (capacity, price, timestamp, id_movie) values (65, 14.68, '2022-02-25 18:20:10', '270029839-X');
insert into schedule (capacity, price, timestamp, id_movie) values (66, 9.82, '2021-07-25 14:27:59', '610367732-7');
insert into schedule (capacity, price, timestamp, id_movie) values (68, 6.09, '2021-11-21 21:30:12', '635720402-1');
insert into schedule (capacity, price, timestamp, id_movie) values (73, 9.72, '2021-05-25 05:58:06', '183211999-8');
insert into schedule (capacity, price, timestamp, id_movie) values (37, 14.91, '2021-12-20 01:05:09', '794081133-9');
insert into schedule (capacity, price, timestamp, id_movie) values (73, 9.22, '2021-08-08 05:04:35', '729037991-8');
insert into schedule (capacity, price, timestamp, id_movie) values (37, 5.48, '2021-11-27 10:20:32', '293930779-2');
insert into schedule (capacity, price, timestamp, id_movie) values (54, 5.41, '2022-02-28 05:01:48', '193639879-6');
insert into schedule (capacity, price, timestamp, id_movie) values (35, 9.97, '2021-10-01 10:33:14', '228887925-4');
insert into schedule (capacity, price, timestamp, id_movie) values (57, 6.63, '2022-05-23 06:52:19', '429071115-4');
insert into schedule (capacity, price, timestamp, id_movie) values (34, 10.05, '2021-12-19 09:05:38', '795675279-5');
insert into schedule (capacity, price, timestamp, id_movie) values (34, 8.47, '2021-08-15 17:13:15', '675420977-1');
insert into schedule (capacity, price, timestamp, id_movie) values (44, 13.34, '2021-12-13 23:17:44', '743535831-2');
insert into schedule (capacity, price, timestamp, id_movie) values (40, 14.61, '2022-02-11 10:52:22', '445332976-8');
insert into schedule (capacity, price, timestamp, id_movie) values (64, 6.13, '2022-06-03 15:21:42', '512165403-0');
insert into schedule (capacity, price, timestamp, id_movie) values (31, 10.22, '2021-05-16 23:19:30', '542048573-7');
insert into schedule (capacity, price, timestamp, id_movie) values (43, 9.96, '2021-08-04 14:49:27', '622555725-3');
insert into schedule (capacity, price, timestamp, id_movie) values (33, 8.74, '2022-02-20 00:02:56', '133050605-7');
insert into schedule (capacity, price, timestamp, id_movie) values (57, 11.46, '2022-03-06 10:19:13', '980191948-5');
insert into schedule (capacity, price, timestamp, id_movie) values (48, 10.97, '2021-09-23 05:41:26', '322115615-4');
insert into schedule (capacity, price, timestamp, id_movie) values (70, 9.01, '2022-01-27 11:44:55', '351154441-6');
insert into schedule (capacity, price, timestamp, id_movie) values (34, 11.22, '2021-07-23 07:14:06', '920256665-8');
insert into schedule (capacity, price, timestamp, id_movie) values (31, 7.79, '2021-06-11 04:50:50', '726064760-4');
insert into schedule (capacity, price, timestamp, id_movie) values (71, 13.32, '2021-05-18 02:09:01', '974770575-3');
insert into schedule (capacity, price, timestamp, id_movie) values (55, 8.83, '2021-12-31 09:10:48', '756420730-2');
insert into schedule (capacity, price, timestamp, id_movie) values (54, 12.86, '2021-07-28 19:47:48', '466794896-5');
insert into schedule (capacity, price, timestamp, id_movie) values (36, 6.2, '2022-05-15 20:53:33', '017254984-1');
insert into schedule (capacity, price, timestamp, id_movie) values (61, 14.9, '2022-05-26 19:00:03', '823453525-0');
insert into schedule (capacity, price, timestamp, id_movie) values (28, 8.62, '2021-10-20 07:13:01', '067487541-9');
insert into schedule (capacity, price, timestamp, id_movie) values (47, 9.76, '2021-11-18 14:10:21', '678489078-7');
insert into schedule (capacity, price, timestamp, id_movie) values (42, 6.24, '2022-03-16 13:37:54', '397059530-4');
insert into schedule (capacity, price, timestamp, id_movie) values (52, 7.21, '2021-07-22 10:01:21', '009445706-9');
insert into schedule (capacity, price, timestamp, id_movie) values (45, 12.94, '2022-05-19 12:06:14', '860671111-X');
insert into schedule (capacity, price, timestamp, id_movie) values (42, 12.78, '2022-05-07 17:05:13', '656690573-1');
insert into schedule (capacity, price, timestamp, id_movie) values (56, 10.05, '2022-05-24 15:18:30', '315623583-0');
insert into schedule (capacity, price, timestamp, id_movie) values (59, 5.51, '2021-12-18 14:50:26', '754611144-7');
insert into schedule (capacity, price, timestamp, id_movie) values (71, 13.42, '2022-04-10 21:12:24', '796712504-5');
insert into schedule (capacity, price, timestamp, id_movie) values (49, 9.22, '2021-07-26 06:37:14', '501974566-9');
insert into schedule (capacity, price, timestamp, id_movie) values (61, 5.47, '2022-03-25 23:21:11', '710634944-5');
insert into schedule (capacity, price, timestamp, id_movie) values (49, 12.39, '2021-11-13 19:21:25', '247987981-X');
insert into schedule (capacity, price, timestamp, id_movie) values (47, 7.48, '2022-05-15 18:43:57', '775173557-0');
insert into schedule (capacity, price, timestamp, id_movie) values (44, 10.62, '2022-05-15 03:53:12', '337615457-0');
insert into schedule (capacity, price, timestamp, id_movie) values (73, 10.46, '2021-09-07 12:02:03', '193639879-6');
insert into schedule (capacity, price, timestamp, id_movie) values (69, 13.68, '2022-03-19 09:45:42', '823453525-0');
insert into schedule (capacity, price, timestamp, id_movie) values (28, 13.35, '2021-06-30 14:30:18', '501974566-9');
insert into schedule (capacity, price, timestamp, id_movie) values (61, 10.96, '2022-06-11 21:27:06', '305788043-6');
insert into schedule (capacity, price, timestamp, id_movie) values (64, 10.16, '2022-01-25 18:52:35', '687764863-3');
insert into schedule (capacity, price, timestamp, id_movie) values (63, 13.95, '2021-05-25 19:39:17', '422154718-9');
insert into schedule (capacity, price, timestamp, id_movie) values (61, 11.45, '2021-09-24 06:30:53', '988841138-1');
insert into schedule (capacity, price, timestamp, id_movie) values (62, 8.35, '2021-08-12 14:36:49', '929278293-2');
insert into schedule (capacity, price, timestamp, id_movie) values (40, 5.28, '2021-12-15 19:14:05', '937831716-2');
insert into schedule (capacity, price, timestamp, id_movie) values (40, 10.78, '2021-07-24 15:30:28', '193639879-6');
insert into schedule (capacity, price, timestamp, id_movie) values (25, 14.52, '2022-01-16 01:37:43', '170139424-3');
insert into schedule (capacity, price, timestamp, id_movie) values (61, 9.2, '2021-07-01 22:14:27', '510932722-X');
insert into schedule (capacity, price, timestamp, id_movie) values (71, 11.42, '2021-10-26 04:25:59', '710634944-5');
insert into schedule (capacity, price, timestamp, id_movie) values (66, 11.52, '2022-03-01 10:00:16', '337615457-0');
insert into schedule (capacity, price, timestamp, id_movie) values (63, 7.32, '2021-10-15 20:55:52', '954870554-0');
insert into schedule (capacity, price, timestamp, id_movie) values (58, 7.09, '2021-07-08 01:07:18', '344432977-6');
insert into schedule (capacity, price, timestamp, id_movie) values (68, 12.94, '2021-06-04 17:24:51', '289138771-6');
insert into schedule (capacity, price, timestamp, id_movie) values (67, 8.84, '2022-05-31 16:10:32', '499045141-4');
insert into schedule (capacity, price, timestamp, id_movie) values (64, 8.08, '2022-03-14 01:06:20', '373843531-X');
insert into schedule (capacity, price, timestamp, id_movie) values (71, 13.65, '2021-09-03 04:17:35', '386920690-X');
insert into schedule (capacity, price, timestamp, id_movie) values (56, 12.39, '2021-10-03 22:20:05', '723994641-X');
insert into schedule (capacity, price, timestamp, id_movie) values (50, 7.09, '2021-08-14 07:29:32', '678408483-7');
insert into schedule (capacity, price, timestamp, id_movie) values (70, 12.52, '2022-05-02 16:29:03', '562935339-X');
insert into schedule (capacity, price, timestamp, id_movie) values (48, 12.52, '2021-10-30 23:36:55', '617851695-9');
insert into schedule (capacity, price, timestamp, id_movie) values (71, 13.84, '2021-06-28 19:00:26', '775173557-0');
insert into schedule (capacity, price, timestamp, id_movie) values (31, 7.16, '2022-02-13 16:31:10', '861012719-2');
insert into schedule (capacity, price, timestamp, id_movie) values (57, 14.57, '2021-10-12 15:58:19', '037567321-0');
insert into schedule (capacity, price, timestamp, id_movie) values (59, 14.89, '2022-04-02 01:54:58', '660781845-5');
insert into schedule (capacity, price, timestamp, id_movie) values (34, 13.92, '2022-02-10 19:43:21', '034979874-5');
insert into schedule (capacity, price, timestamp, id_movie) values (44, 11.85, '2021-05-17 08:12:32', '871622386-1');
insert into schedule (capacity, price, timestamp, id_movie) values (30, 14.06, '2021-07-14 14:38:53', '889230192-6');
insert into schedule (capacity, price, timestamp, id_movie) values (48, 6.16, '2021-06-01 12:58:30', '535020276-6');
insert into schedule (capacity, price, timestamp, id_movie) values (35, 9.91, '2021-05-26 02:01:03', '479656556-6');
insert into schedule (capacity, price, timestamp, id_movie) values (56, 13.05, '2021-07-07 00:06:33', '632434480-0');
insert into schedule (capacity, price, timestamp, id_movie) values (27, 11.68, '2021-10-15 11:18:47', '971672728-3');
insert into schedule (capacity, price, timestamp, id_movie) values (41, 6.02, '2021-05-24 04:55:12', '288251544-8');
insert into schedule (capacity, price, timestamp, id_movie) values (48, 5.06, '2021-07-17 14:00:31', '081895405-1');
insert into schedule (capacity, price, timestamp, id_movie) values (39, 10.52, '2021-12-06 00:06:06', '992119928-5');
insert into schedule (capacity, price, timestamp, id_movie) values (64, 5.89, '2022-05-02 21:13:15', '514427090-5');
insert into schedule (capacity, price, timestamp, id_movie) values (75, 8.45, '2021-11-14 20:17:55', '072332601-0');
insert into schedule (capacity, price, timestamp, id_movie) values (71, 8.35, '2021-10-15 00:06:44', '716801207-X');
insert into schedule (capacity, price, timestamp, id_movie) values (62, 7.35, '2022-03-04 21:05:30', '032791529-3');
insert into schedule (capacity, price, timestamp, id_movie) values (54, 12.35, '2021-06-29 00:07:47', '066750339-0');
insert into schedule (capacity, price, timestamp, id_movie) values (31, 10.33, '2022-05-12 03:13:39', '728988212-1');
insert into schedule (capacity, price, timestamp, id_movie) values (56, 5.97, '2022-03-05 07:39:01', '892650929-X');
insert into schedule (capacity, price, timestamp, id_movie) values (42, 7.44, '2021-10-12 13:49:17', '345917615-6');
insert into schedule (capacity, price, timestamp, id_movie) values (47, 7.79, '2022-02-05 06:13:52', '931699231-1');
insert into schedule (capacity, price, timestamp, id_movie) values (64, 10.77, '2021-12-15 04:42:56', '304970728-3');
insert into schedule (capacity, price, timestamp, id_movie) values (72, 14.04, '2021-09-16 22:39:59', '097015445-3');
insert into schedule (capacity, price, timestamp, id_movie) values (61, 10.51, '2022-03-03 12:35:36', '346871196-4');
insert into schedule (capacity, price, timestamp, id_movie) values (49, 7.66, '2021-11-10 21:23:00', '386920690-X');
insert into schedule (capacity, price, timestamp, id_movie) values (46, 10.17, '2022-03-10 02:06:37', '382436083-7');
insert into schedule (capacity, price, timestamp, id_movie) values (46, 12.6, '2021-06-11 13:26:25', '535020276-6');
insert into schedule (capacity, price, timestamp, id_movie) values (56, 12.33, '2022-05-21 01:19:03', '508990296-8');
insert into schedule (capacity, price, timestamp, id_movie) values (74, 12.11, '2022-03-28 01:55:23', '364317273-7');
insert into schedule (capacity, price, timestamp, id_movie) values (51, 6.44, '2021-12-26 17:04:38', '508990296-8');
insert into schedule (capacity, price, timestamp, id_movie) values (69, 5.98, '2022-06-05 12:22:10', '280901408-6');
insert into schedule (capacity, price, timestamp, id_movie) values (39, 6.85, '2022-05-20 12:50:04', '243713475-1');
insert into schedule (capacity, price, timestamp, id_movie) values (67, 13.14, '2021-08-31 12:41:54', '410875735-1');
insert into schedule (capacity, price, timestamp, id_movie) values (55, 5.89, '2022-01-22 02:14:06', '988841138-1');
insert into schedule (capacity, price, timestamp, id_movie) values (57, 13.63, '2021-08-11 20:02:26', '293930779-2');
insert into schedule (capacity, price, timestamp, id_movie) values (71, 12.41, '2021-06-14 20:06:11', '546604502-0');
insert into schedule (capacity, price, timestamp, id_movie) values (72, 9.5, '2021-09-08 16:46:00', '343005547-4');
insert into schedule (capacity, price, timestamp, id_movie) values (69, 6.33, '2021-12-04 10:56:38', '676296179-7');
insert into schedule (capacity, price, timestamp, id_movie) values (29, 7.34, '2021-06-21 03:19:23', '623985790-4');
insert into schedule (capacity, price, timestamp, id_movie) values (33, 6.15, '2021-10-10 12:10:51', '824420910-0');
insert into schedule (capacity, price, timestamp, id_movie) values (62, 11.62, '2021-12-23 16:24:52', '756420730-2');
insert into schedule (capacity, price, timestamp, id_movie) values (32, 9.74, '2022-01-14 12:08:43', '021699522-1');
insert into schedule (capacity, price, timestamp, id_movie) values (43, 7.48, '2021-06-30 14:53:12', '630489628-X');
insert into schedule (capacity, price, timestamp, id_movie) values (31, 7.87, '2022-01-02 14:07:04', '350843508-3');
insert into schedule (capacity, price, timestamp, id_movie) values (64, 12.82, '2022-03-21 00:40:29', '988841138-1');
insert into schedule (capacity, price, timestamp, id_movie) values (66, 8.06, '2021-08-07 09:39:40', '323023223-2');
insert into schedule (capacity, price, timestamp, id_movie) values (28, 7.59, '2021-07-12 14:44:15', '756420730-2');
insert into schedule (capacity, price, timestamp, id_movie) values (28, 8.38, '2021-10-29 08:56:55', '382436083-7');
insert into schedule (capacity, price, timestamp, id_movie) values (53, 5.58, '2021-07-07 07:34:17', '756138060-7');
insert into schedule (capacity, price, timestamp, id_movie) values (70, 7.95, '2022-05-21 18:08:57', '622555725-3');
insert into schedule (capacity, price, timestamp, id_movie) values (35, 14.55, '2022-04-22 19:33:43', '911891918-9');
insert into schedule (capacity, price, timestamp, id_movie) values (33, 10.82, '2022-01-04 03:58:52', '723994641-X');
insert into schedule (capacity, price, timestamp, id_movie) values (66, 7.9, '2021-05-08 10:21:42', '663274165-7');
insert into schedule (capacity, price, timestamp, id_movie) values (63, 7.1, '2021-12-28 00:07:32', '193639879-6');
insert into schedule (capacity, price, timestamp, id_movie) values (25, 14.06, '2021-07-21 15:45:49', '364317273-7');
insert into schedule (capacity, price, timestamp, id_movie) values (44, 7.0, '2021-08-30 11:57:40', '337615457-0');
insert into schedule (capacity, price, timestamp, id_movie) values (39, 6.61, '2022-02-26 05:58:58', '319942497-X');
insert into schedule (capacity, price, timestamp, id_movie) values (57, 11.84, '2022-04-21 22:32:43', '570821380-9');
insert into schedule (capacity, price, timestamp, id_movie) values (38, 14.47, '2022-01-19 06:56:47', '676296179-7');
insert into schedule (capacity, price, timestamp, id_movie) values (66, 12.13, '2021-12-10 08:08:30', '175321987-6');
insert into schedule (capacity, price, timestamp, id_movie) values (69, 13.7, '2021-12-18 01:34:28', '396779290-0');
insert into schedule (capacity, price, timestamp, id_movie) values (58, 14.64, '2022-05-17 02:00:38', '032791529-3');
insert into schedule (capacity, price, timestamp, id_movie) values (57, 8.77, '2022-02-15 21:39:53', '133050605-7');
insert into schedule (capacity, price, timestamp, id_movie) values (68, 10.83, '2021-12-18 06:57:27', '796322074-4');
insert into schedule (capacity, price, timestamp, id_movie) values (62, 14.05, '2021-08-13 06:53:13', '155262605-9');
insert into schedule (capacity, price, timestamp, id_movie) values (29, 8.26, '2022-04-15 08:31:40', '783469003-5');
insert into schedule (capacity, price, timestamp, id_movie) values (29, 13.15, '2022-03-04 16:48:18', '716801207-X');
insert into schedule (capacity, price, timestamp, id_movie) values (55, 8.3, '2022-02-09 14:49:51', '351154441-6');
insert into schedule (capacity, price, timestamp, id_movie) values (72, 10.65, '2022-02-26 15:50:25', '936415685-4');
insert into schedule (capacity, price, timestamp, id_movie) values (69, 14.87, '2021-09-28 19:42:53', '019773428-6');
insert into schedule (capacity, price, timestamp, id_movie) values (75, 11.26, '2021-05-03 05:45:19', '656690573-1');
insert into schedule (capacity, price, timestamp, id_movie) values (69, 6.66, '2021-08-27 17:03:04', '546604502-0');
insert into schedule (capacity, price, timestamp, id_movie) values (36, 7.0, '2021-09-21 08:37:36', '944987178-7');
insert into schedule (capacity, price, timestamp, id_movie) values (68, 12.52, '2021-08-13 13:46:35', '037567321-0');
insert into schedule (capacity, price, timestamp, id_movie) values (29, 10.78, '2022-05-13 04:51:48', '808493397-3');
insert into schedule (capacity, price, timestamp, id_movie) values (44, 12.75, '2021-05-28 18:04:26', '659470812-0');
insert into schedule (capacity, price, timestamp, id_movie) values (25, 8.09, '2021-12-30 15:50:53', '346871196-4');
insert into schedule (capacity, price, timestamp, id_movie) values (54, 13.3, '2022-03-04 07:22:25', '885841037-8');
insert into schedule (capacity, price, timestamp, id_movie) values (68, 6.94, '2022-02-24 22:09:40', '623985790-4');
insert into schedule (capacity, price, timestamp, id_movie) values (39, 5.61, '2022-03-15 17:58:22', '139770789-5');
insert into schedule (capacity, price, timestamp, id_movie) values (40, 12.03, '2021-06-10 06:52:43', '763341678-5');
insert into schedule (capacity, price, timestamp, id_movie) values (35, 11.89, '2022-06-10 23:26:41', '037567321-0');
insert into schedule (capacity, price, timestamp, id_movie) values (48, 13.75, '2022-01-12 16:37:45', '331451789-0');
insert into schedule (capacity, price, timestamp, id_movie) values (39, 9.71, '2021-07-18 16:59:05', '767285056-3');
insert into schedule (capacity, price, timestamp, id_movie) values (55, 9.78, '2022-02-13 13:39:05', '793011748-0');
insert into schedule (capacity, price, timestamp, id_movie) values (59, 13.25, '2021-09-24 07:35:00', '767150457-2');
insert into schedule (capacity, price, timestamp, id_movie) values (75, 11.29, '2021-05-20 05:51:43', '459272476-3');
insert into schedule (capacity, price, timestamp, id_movie) values (62, 12.52, '2021-11-25 14:37:28', '618680702-9');
insert into schedule (capacity, price, timestamp, id_movie) values (63, 5.92, '2021-06-06 14:46:57', '510932722-X');
insert into schedule (capacity, price, timestamp, id_movie) values (71, 13.64, '2021-06-13 10:01:18', '947149057-X');
insert into schedule (capacity, price, timestamp, id_movie) values (69, 6.53, '2022-01-16 01:11:47', '227704044-4');
insert into schedule (capacity, price, timestamp, id_movie) values (25, 12.53, '2021-12-07 22:35:05', '907907205-2');
insert into schedule (capacity, price, timestamp, id_movie) values (26, 5.33, '2021-11-05 00:35:38', '991880445-9');
insert into schedule (capacity, price, timestamp, id_movie) values (69, 12.79, '2021-08-30 14:04:10', '450226390-7');
insert into schedule (capacity, price, timestamp, id_movie) values (56, 8.49, '2021-06-13 21:16:22', '497038627-7');
insert into schedule (capacity, price, timestamp, id_movie) values (43, 14.6, '2021-05-30 11:43:23', '017254984-1');
insert into schedule (capacity, price, timestamp, id_movie) values (54, 6.25, '2021-07-02 08:01:45', '573115625-5');
insert into schedule (capacity, price, timestamp, id_movie) values (57, 10.6, '2021-07-01 20:59:57', '397059530-4');
insert into schedule (capacity, price, timestamp, id_movie) values (67, 8.79, '2021-07-10 20:10:58', '333887530-4');
insert into schedule (capacity, price, timestamp, id_movie) values (66, 13.18, '2021-08-01 05:58:31', '283927101-X');
insert into schedule (capacity, price, timestamp, id_movie) values (53, 6.31, '2021-10-02 17:03:56', '315623583-0');
insert into schedule (capacity, price, timestamp, id_movie) values (58, 5.28, '2021-05-13 22:54:42', '262521788-X');
insert into schedule (capacity, price, timestamp, id_movie) values (74, 7.99, '2022-03-07 01:02:45', '084132661-4');
insert into schedule (capacity, price, timestamp, id_movie) values (71, 14.09, '2021-12-28 19:28:46', '838238034-4');
insert into schedule (capacity, price, timestamp, id_movie) values (64, 7.49, '2021-08-27 04:15:09', '390826364-6');
insert into schedule (capacity, price, timestamp, id_movie) values (37, 11.38, '2022-02-02 13:16:05', '351154441-6');
insert into schedule (capacity, price, timestamp, id_movie) values (39, 14.99, '2021-06-11 15:27:46', '152954440-8');
insert into schedule (capacity, price, timestamp, id_movie) values (39, 11.47, '2021-12-13 01:03:46', '072332601-0');
insert into schedule (capacity, price, timestamp, id_movie) values (33, 12.41, '2022-02-19 19:44:11', '176843680-0');
insert into schedule (capacity, price, timestamp, id_movie) values (62, 10.84, '2022-03-07 22:32:46', '095099207-0');
insert into schedule (capacity, price, timestamp, id_movie) values (58, 12.59, '2021-06-25 06:35:48', '815544321-3');
insert into schedule (capacity, price, timestamp, id_movie) values (69, 11.36, '2021-12-21 22:23:40', '017254984-1');
insert into schedule (capacity, price, timestamp, id_movie) values (36, 11.76, '2021-12-13 20:34:16', '619960996-4');
insert into schedule (capacity, price, timestamp, id_movie) values (71, 14.53, '2021-07-01 21:24:06', '356107423-5');
insert into schedule (capacity, price, timestamp, id_movie) values (64, 10.52, '2022-05-26 14:42:11', '138045528-6');
insert into schedule (capacity, price, timestamp, id_movie) values (41, 8.67, '2021-09-09 19:52:30', '914842282-7');
insert into schedule (capacity, price, timestamp, id_movie) values (55, 5.91, '2021-09-29 03:34:19', '796712504-5');
insert into schedule (capacity, price, timestamp, id_movie) values (30, 12.1, '2021-07-29 12:59:19', '008364958-1');
insert into schedule (capacity, price, timestamp, id_movie) values (68, 9.85, '2021-06-17 17:52:48', '410875735-1');
insert into schedule (capacity, price, timestamp, id_movie) values (72, 12.59, '2022-01-25 03:50:37', '270029839-X');
insert into schedule (capacity, price, timestamp, id_movie) values (45, 5.21, '2021-09-10 01:18:57', '209540059-3');
insert into schedule (capacity, price, timestamp, id_movie) values (30, 6.03, '2022-04-16 19:51:40', '740667879-7');
insert into schedule (capacity, price, timestamp, id_movie) values (68, 6.8, '2022-01-29 12:04:13', '790352046-6');
insert into schedule (capacity, price, timestamp, id_movie) values (69, 11.23, '2022-04-23 01:02:26', '459272476-3');
insert into schedule (capacity, price, timestamp, id_movie) values (28, 6.78, '2021-10-14 14:46:46', '032791529-3');
insert into schedule (capacity, price, timestamp, id_movie) values (61, 12.38, '2021-10-13 04:22:02', '183211999-8');
insert into schedule (capacity, price, timestamp, id_movie) values (65, 5.66, '2021-12-26 02:10:38', '506857511-9');
insert into schedule (capacity, price, timestamp, id_movie) values (26, 13.85, '2021-07-10 11:23:06', '410875735-1');
insert into schedule (capacity, price, timestamp, id_movie) values (33, 6.8, '2021-11-03 12:08:38', '623985790-4');
insert into schedule (capacity, price, timestamp, id_movie) values (48, 10.65, '2021-06-16 05:47:30', '382436083-7');
insert into schedule (capacity, price, timestamp, id_movie) values (54, 12.67, '2021-10-06 10:13:00', '321573352-8');
insert into schedule (capacity, price, timestamp, id_movie) values (59, 10.57, '2022-06-05 13:59:51', '280901408-6');
insert into schedule (capacity, price, timestamp, id_movie) values (40, 13.5, '2021-09-02 07:27:08', '376634337-8');
insert into schedule (capacity, price, timestamp, id_movie) values (60, 6.21, '2022-01-11 08:28:06', '070179195-0');
insert into schedule (capacity, price, timestamp, id_movie) values (26, 14.82, '2021-09-29 09:05:35', '738503451-9');
insert into schedule (capacity, price, timestamp, id_movie) values (70, 13.58, '2021-12-09 10:32:33', '893816641-4');
insert into schedule (capacity, price, timestamp, id_movie) values (53, 7.71, '2022-06-10 09:09:10', '431643794-1');
insert into schedule (capacity, price, timestamp, id_movie) values (72, 10.58, '2021-05-30 07:28:00', '834909251-3');
insert into schedule (capacity, price, timestamp, id_movie) values (29, 8.73, '2022-02-09 12:06:04', '665265100-9');
insert into schedule (capacity, price, timestamp, id_movie) values (73, 7.02, '2021-05-06 06:42:05', '710634944-5');
insert into schedule (capacity, price, timestamp, id_movie) values (60, 11.33, '2022-06-23 08:46:46', '687764863-3');
insert into schedule (capacity, price, timestamp, id_movie) values (25, 10.98, '2021-06-20 11:13:20', '813415359-3');
insert into schedule (capacity, price, timestamp, id_movie) values (70, 8.97, '2021-06-21 19:34:16', '254140103-5');
insert into schedule (capacity, price, timestamp, id_movie) values (58, 14.5, '2021-07-31 04:01:28', '459272476-3');
insert into schedule (capacity, price, timestamp, id_movie) values (46, 13.39, '2022-02-27 04:15:49', '066750339-0');
insert into schedule (capacity, price, timestamp, id_movie) values (72, 5.84, '2021-11-07 05:48:29', '676296179-7');
insert into schedule (capacity, price, timestamp, id_movie) values (59, 9.9, '2021-12-04 14:11:00', '287324428-3');
insert into schedule (capacity, price, timestamp, id_movie) values (51, 9.1, '2021-09-17 05:09:14', '183211999-8');
insert into schedule (capacity, price, timestamp, id_movie) values (28, 5.93, '2021-07-22 07:49:45', '703214806-9');
insert into schedule (capacity, price, timestamp, id_movie) values (26, 6.06, '2022-02-12 16:36:56', '833300176-9');
insert into schedule (capacity, price, timestamp, id_movie) values (69, 6.73, '2021-05-10 13:21:50', '611572850-9');
insert into schedule (capacity, price, timestamp, id_movie) values (33, 9.92, '2022-04-18 13:44:07', '756138060-7');
insert into schedule (capacity, price, timestamp, id_movie) values (36, 12.52, '2021-10-31 04:56:11', '665265100-9');
insert into schedule (capacity, price, timestamp, id_movie) values (25, 5.99, '2021-09-05 09:07:20', '485879629-9');
insert into schedule (capacity, price, timestamp, id_movie) values (46, 8.67, '2021-05-06 06:58:07', '039626177-9');
insert into schedule (capacity, price, timestamp, id_movie) values (36, 13.79, '2022-01-31 10:13:42', '009445706-9');
insert into schedule (capacity, price, timestamp, id_movie) values (67, 6.41, '2021-11-22 09:05:24', '228887925-4');
insert into schedule (capacity, price, timestamp, id_movie) values (33, 9.26, '2022-05-03 22:16:40', '312312729-X');
insert into schedule (capacity, price, timestamp, id_movie) values (72, 14.51, '2022-05-22 00:08:39', '397059530-4');
insert into schedule (capacity, price, timestamp, id_movie) values (25, 14.17, '2021-12-21 17:12:46', '084132661-4');
insert into schedule (capacity, price, timestamp, id_movie) values (74, 10.69, '2022-05-09 02:55:28', '315623583-0');
insert into schedule (capacity, price, timestamp, id_movie) values (38, 11.39, '2021-06-06 12:48:34', '397059530-4');
insert into schedule (capacity, price, timestamp, id_movie) values (48, 5.19, '2022-03-05 11:13:17', '353306338-0');
insert into schedule (capacity, price, timestamp, id_movie) values (75, 9.49, '2022-06-02 23:37:34', '936415685-4');
insert into schedule (capacity, price, timestamp, id_movie) values (27, 12.81, '2022-03-02 22:21:20', '877247052-6');
insert into schedule (capacity, price, timestamp, id_movie) values (41, 5.42, '2021-10-16 22:34:27', '138045528-6');
insert into schedule (capacity, price, timestamp, id_movie) values (32, 9.64, '2021-07-07 08:29:09', '526531717-1');
insert into schedule (capacity, price, timestamp, id_movie) values (38, 5.57, '2021-05-30 17:44:17', '741541633-3');
insert into schedule (capacity, price, timestamp, id_movie) values (32, 12.37, '2021-05-19 07:43:11', '611572850-9');
insert into schedule (capacity, price, timestamp, id_movie) values (39, 10.43, '2021-11-15 18:02:52', '427105840-8');
insert into schedule (capacity, price, timestamp, id_movie) values (67, 8.5, '2021-11-20 08:08:45', '193639879-6');
insert into schedule (capacity, price, timestamp, id_movie) values (62, 10.29, '2022-05-12 13:25:33', '003813627-9');
insert into schedule (capacity, price, timestamp, id_movie) values (34, 11.55, '2021-12-31 17:29:39', '148954275-2');
insert into schedule (capacity, price, timestamp, id_movie) values (54, 10.62, '2022-01-14 01:20:48', '504224395-X');
insert into schedule (capacity, price, timestamp, id_movie) values (27, 11.35, '2021-10-24 06:02:21', '097787335-8');
insert into schedule (capacity, price, timestamp, id_movie) values (40, 8.24, '2022-04-24 02:28:19', '499045141-4');
insert into schedule (capacity, price, timestamp, id_movie) values (64, 14.13, '2021-07-22 02:16:48', '716801207-X');
insert into schedule (capacity, price, timestamp, id_movie) values (45, 14.2, '2021-10-07 08:18:33', '707060248-0');
insert into schedule (capacity, price, timestamp, id_movie) values (72, 14.67, '2021-06-29 12:25:20', '473088844-8');
insert into schedule (capacity, price, timestamp, id_movie) values (26, 10.54, '2021-09-21 04:26:57', '017254984-1');
insert into schedule (capacity, price, timestamp, id_movie) values (48, 9.01, '2021-12-23 10:47:09', '253283063-8');
insert into schedule (capacity, price, timestamp, id_movie) values (75, 11.43, '2022-04-06 21:36:07', '630489628-X');
insert into schedule (capacity, price, timestamp, id_movie) values (72, 14.43, '2022-01-27 13:51:34', '652361113-2');
insert into schedule (capacity, price, timestamp, id_movie) values (64, 5.66, '2021-11-08 20:00:59', '466794896-5');
insert into schedule (capacity, price, timestamp, id_movie) values (43, 11.51, '2022-03-02 00:12:00', '353306338-0');
insert into schedule (capacity, price, timestamp, id_movie) values (33, 5.07, '2022-05-19 15:00:56', '152954440-8');
insert into schedule (capacity, price, timestamp, id_movie) values (46, 11.96, '2021-10-13 13:14:00', '305151505-1');
insert into schedule (capacity, price, timestamp, id_movie) values (69, 12.53, '2022-05-11 17:43:58', '340465349-1');
insert into schedule (capacity, price, timestamp, id_movie) values (57, 12.99, '2021-12-01 17:04:38', '139770789-5');
insert into schedule (capacity, price, timestamp, id_movie) values (68, 6.13, '2021-11-28 17:28:53', '501974566-9');
insert into schedule (capacity, price, timestamp, id_movie) values (30, 12.96, '2022-06-01 01:21:41', '659470812-0');
insert into schedule (capacity, price, timestamp, id_movie) values (38, 10.58, '2022-04-18 02:05:02', '405980268-9');
insert into schedule (capacity, price, timestamp, id_movie) values (42, 14.77, '2022-03-03 02:07:44', '143218635-3');
insert into schedule (capacity, price, timestamp, id_movie) values (72, 5.16, '2021-06-10 23:05:04', '738503451-9');
insert into schedule (capacity, price, timestamp, id_movie) values (34, 8.36, '2021-07-26 03:12:21', '795675279-5');
insert into schedule (capacity, price, timestamp, id_movie) values (40, 8.19, '2021-06-19 16:06:17', '228457926-4');
insert into schedule (capacity, price, timestamp, id_movie) values (48, 10.76, '2021-05-10 23:01:21', '375093691-9');
insert into schedule (capacity, price, timestamp, id_movie) values (46, 7.69, '2022-06-21 08:40:13', '430805069-3');
insert into schedule (capacity, price, timestamp, id_movie) values (66, 14.72, '2021-07-05 02:56:45', '809134506-2');
insert into schedule (capacity, price, timestamp, id_movie) values (35, 14.9, '2021-12-05 20:45:55', '289138771-6');
insert into schedule (capacity, price, timestamp, id_movie) values (48, 12.07, '2021-08-09 01:08:35', '364317273-7');
insert into schedule (capacity, price, timestamp, id_movie) values (59, 11.27, '2021-08-18 08:18:21', '892650929-X');
insert into schedule (capacity, price, timestamp, id_movie) values (73, 13.1, '2022-05-28 09:02:45', '169140758-5');
insert into schedule (capacity, price, timestamp, id_movie) values (61, 10.62, '2022-02-19 02:55:16', '067487541-9');
insert into schedule (capacity, price, timestamp, id_movie) values (25, 12.77, '2022-03-12 01:54:18', '512165403-0');
insert into schedule (capacity, price, timestamp, id_movie) values (37, 5.45, '2022-01-28 12:16:03', '139212596-0');
insert into schedule (capacity, price, timestamp, id_movie) values (36, 13.48, '2021-11-03 01:44:25', '838238034-4');
insert into schedule (capacity, price, timestamp, id_movie) values (67, 13.38, '2022-03-25 01:04:35', '877338198-5');
insert into schedule (capacity, price, timestamp, id_movie) values (25, 10.93, '2021-09-13 03:37:53', '175321987-6');
insert into schedule (capacity, price, timestamp, id_movie) values (63, 9.42, '2021-11-24 11:10:08', '035046572-X');
insert into schedule (capacity, price, timestamp, id_movie) values (67, 5.75, '2022-06-29 12:55:56', '848558680-8');
insert into schedule (capacity, price, timestamp, id_movie) values (69, 6.29, '2022-05-16 05:48:07', '756420730-2');
insert into schedule (capacity, price, timestamp, id_movie) values (52, 14.16, '2022-02-26 19:59:14', '077714954-0');
insert into schedule (capacity, price, timestamp, id_movie) values (60, 10.86, '2021-12-09 21:47:32', '944987178-7');
insert into schedule (capacity, price, timestamp, id_movie) values (56, 8.47, '2022-06-07 21:51:18', '610367732-7');
insert into schedule (capacity, price, timestamp, id_movie) values (68, 13.12, '2021-09-19 00:53:25', '032791529-3');
insert into schedule (capacity, price, timestamp, id_movie) values (52, 9.76, '2021-11-27 16:52:46', '838238034-4');
insert into schedule (capacity, price, timestamp, id_movie) values (75, 6.88, '2021-07-04 06:21:08', '143218635-3');
insert into schedule (capacity, price, timestamp, id_movie) values (46, 6.11, '2021-07-05 02:04:52', '666845085-7');
insert into schedule (capacity, price, timestamp, id_movie) values (39, 14.35, '2021-09-09 06:02:58', '359147548-3');
insert into schedule (capacity, price, timestamp, id_movie) values (41, 5.88, '2022-05-16 11:47:46', '781979602-2');
insert into schedule (capacity, price, timestamp, id_movie) values (41, 14.18, '2022-03-30 23:50:10', '882349014-6');
insert into schedule (capacity, price, timestamp, id_movie) values (31, 7.31, '2021-12-08 19:46:33', '991880445-9');
insert into schedule (capacity, price, timestamp, id_movie) values (28, 9.59, '2021-09-27 19:21:37', '089113347-X');
insert into schedule (capacity, price, timestamp, id_movie) values (75, 8.29, '2022-04-23 08:26:48', '720133586-3');
insert into schedule (capacity, price, timestamp, id_movie) values (66, 14.49, '2021-05-22 23:22:03', '450226390-7');
insert into schedule (capacity, price, timestamp, id_movie) values (48, 11.09, '2021-06-30 06:52:14', '360509505-4');
insert into schedule (capacity, price, timestamp, id_movie) values (44, 6.26, '2022-03-13 23:56:55', '946017814-6');
insert into schedule (capacity, price, timestamp, id_movie) values (67, 6.06, '2021-11-14 04:00:54', '676296179-7');
insert into schedule (capacity, price, timestamp, id_movie) values (48, 11.11, '2021-10-31 20:21:35', '815544321-3');
insert into schedule (capacity, price, timestamp, id_movie) values (42, 6.6, '2021-09-01 15:02:41', '097015445-3');
insert into schedule (capacity, price, timestamp, id_movie) values (63, 8.35, '2022-02-27 15:17:13', '526531717-1');
insert into schedule (capacity, price, timestamp, id_movie) values (62, 7.91, '2021-08-27 16:37:39', '889868276-X');
insert into schedule (capacity, price, timestamp, id_movie) values (46, 13.58, '2021-08-17 07:20:22', '573115625-5');
insert into schedule (capacity, price, timestamp, id_movie) values (44, 7.53, '2022-05-04 11:35:00', '591775100-5');
insert into schedule (capacity, price, timestamp, id_movie) values (32, 10.35, '2021-11-20 11:51:28', '931699231-1');
insert into schedule (capacity, price, timestamp, id_movie) values (61, 11.72, '2021-07-01 17:02:04', '110135043-1');
insert into schedule (capacity, price, timestamp, id_movie) values (73, 11.33, '2021-05-03 20:31:33', '930632817-6');
insert into schedule (capacity, price, timestamp, id_movie) values (52, 11.28, '2021-11-10 23:11:30', '510742537-2');
insert into schedule (capacity, price, timestamp, id_movie) values (50, 7.35, '2022-03-29 06:56:53', '193639879-6');
insert into schedule (capacity, price, timestamp, id_movie) values (40, 9.07, '2022-06-26 09:47:02', '322115615-4');
insert into schedule (capacity, price, timestamp, id_movie) values (28, 12.51, '2022-03-23 19:05:42', '636939311-8');
insert into schedule (capacity, price, timestamp, id_movie) values (32, 12.05, '2021-06-16 16:00:59', '287324428-3');
insert into schedule (capacity, price, timestamp, id_movie) values (34, 7.68, '2021-06-13 07:53:00', '485879629-9');
insert into schedule (capacity, price, timestamp, id_movie) values (56, 7.24, '2021-06-25 04:24:10', '743535831-2');
insert into schedule (capacity, price, timestamp, id_movie) values (50, 12.31, '2021-10-29 20:32:33', '090101744-2');
insert into schedule (capacity, price, timestamp, id_movie) values (52, 6.27, '2022-02-05 04:10:12', '044599693-5');
insert into schedule (capacity, price, timestamp, id_movie) values (46, 14.71, '2021-11-07 01:43:20', '322115615-4');
insert into schedule (capacity, price, timestamp, id_movie) values (69, 14.2, '2022-02-03 16:10:49', '649958402-9');
insert into schedule (capacity, price, timestamp, id_movie) values (73, 5.06, '2022-02-15 19:21:51', '288251544-8');
insert into schedule (capacity, price, timestamp, id_movie) values (67, 11.5, '2021-12-01 10:06:09', '892650929-X');
insert into schedule (capacity, price, timestamp, id_movie) values (62, 10.0, '2021-10-07 01:42:06', '875617869-7');
insert into schedule (capacity, price, timestamp, id_movie) values (45, 12.76, '2021-11-10 06:23:07', '008709261-1');
insert into schedule (capacity, price, timestamp, id_movie) values (62, 10.15, '2021-08-26 16:59:26', '591775100-5');
insert into schedule (capacity, price, timestamp, id_movie) values (55, 6.38, '2022-06-25 12:52:58', '805596461-0');
insert into schedule (capacity, price, timestamp, id_movie) values (48, 5.77, '2022-05-16 07:40:29', '557405867-7');
insert into schedule (capacity, price, timestamp, id_movie) values (63, 14.38, '2022-01-15 14:56:51', '880125633-7');
insert into schedule (capacity, price, timestamp, id_movie) values (55, 7.24, '2021-07-22 09:05:25', '740667879-7');
insert into schedule (capacity, price, timestamp, id_movie) values (73, 7.41, '2021-11-10 12:06:28', '884581518-8');
insert into schedule (capacity, price, timestamp, id_movie) values (34, 14.87, '2021-08-03 15:35:07', '463095984-X');
insert into schedule (capacity, price, timestamp, id_movie) values (59, 8.58, '2022-05-29 14:48:28', '355308867-2');
insert into schedule (capacity, price, timestamp, id_movie) values (25, 12.75, '2021-07-12 08:14:40', '980191948-5');
insert into schedule (capacity, price, timestamp, id_movie) values (41, 10.61, '2022-01-21 12:49:11', '794750824-0');
insert into schedule (capacity, price, timestamp, id_movie) values (70, 9.05, '2021-10-22 07:56:05', '945273404-3');
insert into schedule (capacity, price, timestamp, id_movie) values (49, 12.96, '2022-05-01 13:54:37', '866807996-4');
insert into schedule (capacity, price, timestamp, id_movie) values (36, 14.45, '2021-11-11 21:46:01', '805596461-0');
insert into schedule (capacity, price, timestamp, id_movie) values (46, 8.07, '2022-06-22 22:05:06', '752293973-9');
insert into schedule (capacity, price, timestamp, id_movie) values (45, 11.8, '2022-04-27 01:33:45', '364317273-7');
insert into schedule (capacity, price, timestamp, id_movie) values (28, 13.92, '2022-06-26 02:34:45', '756420730-2');
insert into schedule (capacity, price, timestamp, id_movie) values (67, 14.22, '2021-07-05 11:09:39', '264175461-4');
insert into schedule (capacity, price, timestamp, id_movie) values (39, 10.57, '2021-10-01 15:21:39', '410875735-1');
insert into schedule (capacity, price, timestamp, id_movie) values (51, 14.23, '2021-10-19 11:52:38', '698959268-0');
insert into schedule (capacity, price, timestamp, id_movie) values (68, 6.06, '2021-09-24 17:19:21', '319643103-7');
insert into schedule (capacity, price, timestamp, id_movie) values (47, 9.35, '2021-06-12 21:31:38', '824420910-0');
insert into schedule (capacity, price, timestamp, id_movie) values (56, 5.5, '2021-10-17 16:15:55', '340465349-1');
insert into schedule (capacity, price, timestamp, id_movie) values (62, 14.33, '2022-04-29 14:10:14', '207522748-9');
insert into schedule (capacity, price, timestamp, id_movie) values (31, 12.93, '2021-10-22 09:56:56', '678489078-7');
insert into schedule (capacity, price, timestamp, id_movie) values (32, 12.14, '2021-12-25 20:04:46', '635720402-1');
insert into schedule (capacity, price, timestamp, id_movie) values (71, 14.45, '2022-05-26 10:52:13', '463095984-X');
insert into schedule (capacity, price, timestamp, id_movie) values (40, 7.6, '2021-12-21 03:12:10', '686446786-4');
insert into schedule (capacity, price, timestamp, id_movie) values (29, 14.82, '2022-04-28 01:39:29', '793011748-0');
insert into schedule (capacity, price, timestamp, id_movie) values (34, 14.9, '2022-02-02 20:41:07', '884581518-8');
insert into schedule (capacity, price, timestamp, id_movie) values (27, 10.86, '2022-05-10 16:28:11', '312312729-X');
insert into schedule (capacity, price, timestamp, id_movie) values (63, 6.53, '2022-05-26 11:31:48', '945273404-3');
insert into schedule (capacity, price, timestamp, id_movie) values (35, 14.5, '2021-05-15 05:04:34', '902737360-4');
insert into schedule (capacity, price, timestamp, id_movie) values (33, 6.33, '2022-04-13 06:09:02', '623985790-4');
insert into schedule (capacity, price, timestamp, id_movie) values (32, 5.39, '2022-01-06 22:31:37', '109880970-X');
insert into schedule (capacity, price, timestamp, id_movie) values (50, 5.75, '2022-03-20 23:53:45', '097015445-3');
insert into schedule (capacity, price, timestamp, id_movie) values (28, 5.7, '2021-11-14 01:08:42', '630489628-X');
insert into schedule (capacity, price, timestamp, id_movie) values (57, 8.68, '2022-04-24 21:54:21', '907907205-2');
insert into schedule (capacity, price, timestamp, id_movie) values (45, 9.14, '2021-11-09 05:59:06', '417745478-8');
insert into schedule (capacity, price, timestamp, id_movie) values (53, 6.64, '2021-08-22 13:49:25', '319942497-X');
insert into schedule (capacity, price, timestamp, id_movie) values (67, 10.52, '2021-11-10 11:12:31', '037567321-0');
insert into schedule (capacity, price, timestamp, id_movie) values (26, 14.3, '2021-12-16 03:58:27', '510742537-2');
insert into schedule (capacity, price, timestamp, id_movie) values (41, 10.05, '2022-04-06 17:45:11', '823453525-0');
insert into schedule (capacity, price, timestamp, id_movie) values (50, 6.16, '2021-11-18 15:07:05', '811534675-6');
insert into schedule (capacity, price, timestamp, id_movie) values (29, 12.02, '2022-02-04 21:01:12', '353306338-0');
insert into schedule (capacity, price, timestamp, id_movie) values (59, 12.04, '2022-05-21 00:00:59', '546604502-0');
insert into schedule (capacity, price, timestamp, id_movie) values (37, 11.27, '2021-06-21 23:09:57', '710634944-5');
insert into schedule (capacity, price, timestamp, id_movie) values (59, 5.12, '2022-04-22 12:06:24', '305151505-1');
insert into schedule (capacity, price, timestamp, id_movie) values (38, 9.37, '2022-02-15 06:15:17', '095099207-0');
insert into schedule (capacity, price, timestamp, id_movie) values (51, 11.89, '2022-01-08 05:41:21', '117916681-7');
insert into schedule (capacity, price, timestamp, id_movie) values (38, 13.05, '2022-04-11 12:57:05', '889230192-6');
insert into schedule (capacity, price, timestamp, id_movie) values (66, 12.05, '2021-07-10 11:11:15', '783469003-5');
insert into schedule (capacity, price, timestamp, id_movie) values (65, 14.67, '2022-05-25 10:10:02', '752293973-9');
insert into schedule (capacity, price, timestamp, id_movie) values (55, 6.54, '2021-10-10 14:23:43', '116615839-X');
insert into schedule (capacity, price, timestamp, id_movie) values (28, 8.2, '2022-05-20 15:51:07', '861012719-2');
insert into schedule (capacity, price, timestamp, id_movie) values (29, 6.23, '2021-11-25 04:15:14', '287324428-3');
insert into schedule (capacity, price, timestamp, id_movie) values (47, 8.11, '2022-05-19 09:52:18', '859134085-X');
insert into schedule (capacity, price, timestamp, id_movie) values (58, 14.1, '2021-07-05 02:17:46', '686918664-2');
insert into schedule (capacity, price, timestamp, id_movie) values (72, 8.63, '2021-07-18 06:55:31', '775173557-0');
insert into schedule (capacity, price, timestamp, id_movie) values (67, 6.18, '2021-10-04 15:23:54', '009445706-9');
insert into schedule (capacity, price, timestamp, id_movie) values (27, 7.1, '2022-05-20 21:40:02', '521803603-X');
insert into schedule (capacity, price, timestamp, id_movie) values (75, 8.97, '2022-03-26 12:30:45', '342183927-1');
insert into schedule (capacity, price, timestamp, id_movie) values (72, 12.77, '2021-09-21 09:50:33', '473088844-8');
insert into schedule (capacity, price, timestamp, id_movie) values (26, 7.11, '2022-01-08 19:42:48', '930632817-6');
insert into schedule (capacity, price, timestamp, id_movie) values (37, 12.47, '2021-10-15 07:34:07', '344432977-6');
insert into schedule (capacity, price, timestamp, id_movie) values (69, 11.29, '2022-02-20 19:50:14', '813948544-6');
insert into schedule (capacity, price, timestamp, id_movie) values (73, 14.29, '2021-06-28 18:08:10', '535020276-6');
insert into schedule (capacity, price, timestamp, id_movie) values (64, 8.26, '2021-10-01 23:41:26', '860671111-X');
insert into schedule (capacity, price, timestamp, id_movie) values (51, 5.65, '2021-06-13 18:52:01', '397059530-4');
insert into schedule (capacity, price, timestamp, id_movie) values (47, 10.95, '2021-10-09 11:17:45', '373843531-X');
insert into schedule (capacity, price, timestamp, id_movie) values (33, 12.17, '2021-07-08 21:30:29', '008709261-1');
insert into schedule (capacity, price, timestamp, id_movie) values (43, 14.97, '2021-11-03 05:37:38', '499045141-4');
insert into schedule (capacity, price, timestamp, id_movie) values (57, 10.33, '2021-12-27 06:47:29', '726064760-4');
insert into schedule (capacity, price, timestamp, id_movie) values (41, 14.55, '2022-06-27 13:10:30', '469007517-4');
insert into schedule (capacity, price, timestamp, id_movie) values (36, 11.49, '2021-10-01 13:15:03', '601115927-3');
insert into schedule (capacity, price, timestamp, id_movie) values (63, 7.79, '2022-05-16 00:45:52', '775173557-0');
insert into schedule (capacity, price, timestamp, id_movie) values (69, 13.31, '2022-02-23 17:40:36', '247987981-X');
insert into schedule (capacity, price, timestamp, id_movie) values (31, 12.22, '2021-09-29 02:50:08', '304970728-3');
insert into schedule (capacity, price, timestamp, id_movie) values (47, 8.8, '2021-11-30 08:07:34', '199988638-0');
insert into schedule (capacity, price, timestamp, id_movie) values (46, 9.7, '2021-08-10 13:38:13', '039626177-9');
insert into schedule (capacity, price, timestamp, id_movie) values (50, 11.51, '2021-11-14 04:03:51', '709046454-7');
insert into schedule (capacity, price, timestamp, id_movie) values (48, 5.69, '2022-03-27 02:47:37', '139770789-5');
insert into schedule (capacity, price, timestamp, id_movie) values (32, 10.28, '2022-03-06 18:02:22', '293930779-2');
insert into schedule (capacity, price, timestamp, id_movie) values (25, 6.12, '2022-04-30 23:02:14', '132400394-4');
insert into schedule (capacity, price, timestamp, id_movie) values (48, 8.73, '2022-01-03 12:59:42', '109880970-X');
insert into schedule (capacity, price, timestamp, id_movie) values (37, 12.0, '2022-05-12 07:51:20', '910885978-7');
insert into schedule (capacity, price, timestamp, id_movie) values (38, 8.15, '2021-06-26 03:11:02', '227704044-4');
insert into schedule (capacity, price, timestamp, id_movie) values (52, 14.33, '2021-11-17 07:59:37', '718130202-7');
insert into schedule (capacity, price, timestamp, id_movie) values (71, 11.6, '2021-06-14 15:32:03', '034979874-5');
insert into schedule (capacity, price, timestamp, id_movie) values (69, 6.88, '2021-09-03 09:25:41', '945273404-3');
insert into schedule (capacity, price, timestamp, id_movie) values (44, 7.3, '2022-05-02 19:32:10', '008364958-1');
insert into schedule (capacity, price, timestamp, id_movie) values (71, 6.75, '2021-07-16 02:31:54', '465799965-6');
insert into schedule (capacity, price, timestamp, id_movie) values (60, 13.25, '2021-10-30 06:10:26', '954727389-2');
insert into schedule (capacity, price, timestamp, id_movie) values (73, 12.2, '2021-05-05 10:34:09', '877176588-3');
insert into schedule (capacity, price, timestamp, id_movie) values (53, 9.46, '2022-06-26 23:19:12', '678408483-7');
insert into schedule (capacity, price, timestamp, id_movie) values (64, 8.1, '2021-06-18 07:04:36', '911891918-9');
insert into schedule (capacity, price, timestamp, id_movie) values (59, 8.97, '2021-09-27 05:00:15', '833300176-9');
insert into schedule (capacity, price, timestamp, id_movie) values (37, 10.79, '2021-05-31 01:04:39', '491263236-8');
insert into schedule (capacity, price, timestamp, id_movie) values (37, 11.87, '2022-01-23 00:17:28', '139142712-2');
insert into schedule (capacity, price, timestamp, id_movie) values (63, 8.3, '2021-06-01 13:26:51', '570821380-9');
insert into schedule (capacity, price, timestamp, id_movie) values (54, 7.15, '2021-11-26 04:34:30', '678408483-7');
insert into schedule (capacity, price, timestamp, id_movie) values (38, 12.23, '2022-06-19 09:44:27', '834909251-3');
insert into schedule (capacity, price, timestamp, id_movie) values (55, 6.27, '2022-05-11 19:29:28', '176843680-0');
insert into schedule (capacity, price, timestamp, id_movie) values (57, 7.76, '2022-03-03 04:32:00', '794750824-0');
insert into schedule (capacity, price, timestamp, id_movie) values (50, 12.57, '2022-01-08 10:17:01', '659470812-0');
insert into schedule (capacity, price, timestamp, id_movie) values (47, 6.98, '2021-09-30 01:45:56', '430805069-3');
insert into schedule (capacity, price, timestamp, id_movie) values (42, 14.67, '2022-06-09 14:45:37', '623985790-4');
insert into schedule (capacity, price, timestamp, id_movie) values (72, 5.16, '2021-11-08 21:05:05', '971672728-3');
insert into schedule (capacity, price, timestamp, id_movie) values (48, 14.33, '2021-08-26 12:03:27', '139770789-5');
insert into schedule (capacity, price, timestamp, id_movie) values (45, 14.31, '2021-08-17 10:48:18', '806958078-X');
insert into schedule (capacity, price, timestamp, id_movie) values (51, 6.32, '2021-11-03 01:10:57', '364317273-7');
insert into schedule (capacity, price, timestamp, id_movie) values (51, 6.81, '2022-05-13 01:09:41', '289672720-5');
insert into schedule (capacity, price, timestamp, id_movie) values (72, 13.06, '2022-01-01 23:10:23', '957024065-2');
insert into schedule (capacity, price, timestamp, id_movie) values (47, 8.8, '2022-04-14 01:44:27', '044599693-5');
insert into schedule (capacity, price, timestamp, id_movie) values (61, 13.8, '2021-10-07 21:49:12', '665289398-3');
insert into schedule (capacity, price, timestamp, id_movie) values (74, 11.43, '2021-06-16 10:59:58', '376739154-6');
insert into schedule (capacity, price, timestamp, id_movie) values (48, 8.36, '2022-01-25 17:01:48', '090101744-2');
insert into schedule (capacity, price, timestamp, id_movie) values (52, 13.2, '2021-12-16 22:20:21', '193639879-6');
insert into schedule (capacity, price, timestamp, id_movie) values (48, 8.93, '2021-11-20 14:29:18', '132400394-4');
insert into schedule (capacity, price, timestamp, id_movie) values (41, 8.11, '2022-01-01 03:48:33', '427105840-8');
insert into schedule (capacity, price, timestamp, id_movie) values (40, 13.9, '2022-05-17 01:42:28', '066750339-0');
insert into schedule (capacity, price, timestamp, id_movie) values (59, 6.69, '2021-09-30 02:26:51', '352378793-9');
insert into schedule (capacity, price, timestamp, id_movie) values (67, 5.43, '2022-05-12 19:26:19', '479656556-6');
insert into schedule (capacity, price, timestamp, id_movie) values (43, 14.28, '2021-08-27 21:05:37', '138045528-6');
insert into schedule (capacity, price, timestamp, id_movie) values (48, 8.38, '2021-07-18 05:52:13', '960921810-5');
insert into schedule (capacity, price, timestamp, id_movie) values (73, 14.2, '2021-12-01 03:19:26', '991880445-9');
insert into schedule (capacity, price, timestamp, id_movie) values (48, 8.65, '2022-05-17 07:20:54', '660781845-5');
insert into schedule (capacity, price, timestamp, id_movie) values (34, 11.25, '2021-09-07 22:23:03', '611572850-9');
insert into schedule (capacity, price, timestamp, id_movie) values (45, 7.96, '2021-09-28 09:43:29', '573115625-5');
insert into schedule (capacity, price, timestamp, id_movie) values (71, 9.65, '2021-07-19 19:32:02', '067487541-9');
insert into schedule (capacity, price, timestamp, id_movie) values (38, 6.3, '2022-04-27 18:09:33', '794482497-4');
insert into schedule (capacity, price, timestamp, id_movie) values (75, 7.61, '2021-05-20 17:12:38', '728988212-1');
insert into schedule (capacity, price, timestamp, id_movie) values (71, 14.55, '2021-05-25 20:20:02', '635720402-1');
insert into schedule (capacity, price, timestamp, id_movie) values (70, 6.34, '2021-09-20 08:15:39', '092448680-5');
insert into schedule (capacity, price, timestamp, id_movie) values (68, 10.95, '2021-12-19 09:46:06', '404246475-0');
insert into schedule (capacity, price, timestamp, id_movie) values (43, 14.57, '2022-02-28 10:16:42', '254140103-5');
insert into schedule (capacity, price, timestamp, id_movie) values (25, 8.31, '2021-10-01 00:04:30', '960921810-5');
insert into schedule (capacity, price, timestamp, id_movie) values (44, 14.05, '2021-09-07 07:48:19', '929278293-2');
insert into schedule (capacity, price, timestamp, id_movie) values (68, 5.78, '2021-11-13 14:16:39', '253283063-8');
insert into schedule (capacity, price, timestamp, id_movie) values (65, 10.69, '2022-03-24 03:06:49', '033062655-8');
insert into schedule (capacity, price, timestamp, id_movie) values (57, 6.49, '2022-04-16 09:29:10', '794750824-0');
insert into schedule (capacity, price, timestamp, id_movie) values (65, 10.66, '2021-12-24 16:38:12', '372113341-2');
insert into schedule (capacity, price, timestamp, id_movie) values (42, 8.81, '2021-06-25 23:57:15', '665289398-3');